DROP DATABASE IF EXISTS vk;
CREATE DATABASE vk;
USE vk;


-- MySQL dump 10.16  Distrib 10.2.27-MariaDB, for Linux (x86_64)
--
-- Host: mysql.hostinger.ro    Database: u574849695_20
-- ------------------------------------------------------
-- Server version	10.2.24-MariaDB

/*!40101 SET @OLD_CHARACTER_SET_CLIENT=@@CHARACTER_SET_CLIENT */;
/*!40101 SET @OLD_CHARACTER_SET_RESULTS=@@CHARACTER_SET_RESULTS */;
/*!40101 SET @OLD_COLLATION_CONNECTION=@@COLLATION_CONNECTION */;
/*!40101 SET NAMES utf8 */;
/*!40103 SET @OLD_TIME_ZONE=@@TIME_ZONE */;
/*!40103 SET TIME_ZONE='+00:00' */;
/*!40014 SET @OLD_UNIQUE_CHECKS=@@UNIQUE_CHECKS, UNIQUE_CHECKS=0 */;
/*!40014 SET @OLD_FOREIGN_KEY_CHECKS=@@FOREIGN_KEY_CHECKS, FOREIGN_KEY_CHECKS=0 */;
/*!40101 SET @OLD_SQL_MODE=@@SQL_MODE, SQL_MODE='NO_AUTO_VALUE_ON_ZERO' */;
/*!40111 SET @OLD_SQL_NOTES=@@SQL_NOTES, SQL_NOTES=0 */;

--
-- Table structure for table `communities`
--

DROP TABLE IF EXISTS `communities`;
/*!40101 SET @saved_cs_client     = @@character_set_client */;
/*!40101 SET character_set_client = utf8 */;
CREATE TABLE `communities` (
  `id` bigint(20) unsigned NOT NULL AUTO_INCREMENT,
  `name` varchar(150) COLLATE utf8_unicode_ci DEFAULT NULL,
  PRIMARY KEY (`id`),
  KEY `communities_name_idx` (`name`)
) ENGINE=InnoDB AUTO_INCREMENT=101 DEFAULT CHARSET=utf8 COLLATE=utf8_unicode_ci;
/*!40101 SET character_set_client = @saved_cs_client */;

--
-- Dumping data for table `communities`
--

LOCK TABLES `communities` WRITE;
/*!40000 ALTER TABLE `communities` DISABLE KEYS */;
INSERT INTO `communities` VALUES (8,'alias'),(20,'aperiam'),(66,'aut'),(67,'aut'),(12,'autem'),(92,'autem'),(97,'autem'),(59,'consectetur'),(27,'cum'),(57,'cum'),(81,'cum'),(86,'deleniti'),(52,'dicta'),(54,'dicta'),(25,'distinctio'),(58,'doloremque'),(23,'dolores'),(84,'dolorum'),(83,'eos'),(98,'eos'),(31,'esse'),(38,'est'),(29,'et'),(79,'et'),(61,'eum'),(46,'ex'),(78,'ex'),(13,'exercitationem'),(73,'expedita'),(49,'facilis'),(17,'fuga'),(47,'id'),(16,'illo'),(42,'illo'),(71,'in'),(18,'incidunt'),(74,'incidunt'),(14,'iste'),(28,'iste'),(77,'iste'),(82,'maiores'),(11,'maxime'),(62,'maxime'),(75,'maxime'),(87,'maxime'),(96,'modi'),(7,'molestiae'),(43,'molestiae'),(1,'mollitia'),(6,'nihil'),(33,'nihil'),(34,'nihil'),(85,'nihil'),(39,'nisi'),(5,'nostrum'),(4,'nulla'),(63,'omnis'),(44,'optio'),(91,'placeat'),(3,'possimus'),(95,'possimus'),(99,'praesentium'),(26,'qui'),(51,'qui'),(69,'quia'),(2,'quidem'),(32,'quidem'),(35,'quidem'),(22,'quisquam'),(48,'quisquam'),(94,'quo'),(37,'ratione'),(41,'repellat'),(40,'reprehenderit'),(80,'reprehenderit'),(10,'rerum'),(53,'sapiente'),(60,'sint'),(68,'sint'),(93,'sint'),(30,'sit'),(56,'sit'),(45,'sunt'),(50,'sunt'),(36,'suscipit'),(70,'suscipit'),(88,'tempora'),(76,'tempore'),(15,'tenetur'),(72,'ullam'),(19,'ut'),(21,'velit'),(24,'velit'),(65,'veniam'),(89,'veniam'),(55,'veritatis'),(64,'veritatis'),(100,'voluptas'),(9,'voluptate'),(90,'voluptatibus');
/*!40000 ALTER TABLE `communities` ENABLE KEYS */;
UNLOCK TABLES;

--
-- Table structure for table `friend_requests`
--

DROP TABLE IF EXISTS `friend_requests`;
/*!40101 SET @saved_cs_client     = @@character_set_client */;
/*!40101 SET character_set_client = utf8 */;
CREATE TABLE `friend_requests` (
  `initiator_user_id` bigint(20) unsigned NOT NULL,
  `target_user_id` bigint(20) unsigned NOT NULL,
  `status` enum('requested','approved','unfriended','declined') COLLATE utf8_unicode_ci DEFAULT NULL,
  `requested_at` datetime DEFAULT current_timestamp(),
  `confirmed_at` datetime DEFAULT NULL,
  PRIMARY KEY (`initiator_user_id`,`target_user_id`),
  KEY `initiator_user_id` (`initiator_user_id`),
  KEY `target_user_id` (`target_user_id`),
  CONSTRAINT `friend_requests_ibfk_1` FOREIGN KEY (`initiator_user_id`) REFERENCES `users` (`id`),
  CONSTRAINT `friend_requests_ibfk_2` FOREIGN KEY (`target_user_id`) REFERENCES `users` (`id`)
) ENGINE=InnoDB DEFAULT CHARSET=utf8 COLLATE=utf8_unicode_ci;
/*!40101 SET character_set_client = @saved_cs_client */;

--
-- Dumping data for table `friend_requests`
--

LOCK TABLES `friend_requests` WRITE;
/*!40000 ALTER TABLE `friend_requests` DISABLE KEYS */;
INSERT INTO `friend_requests` VALUES (1,1,'approved','1983-07-01 19:14:03','2003-11-21 03:25:50'),(2,2,'unfriended','1983-03-28 02:35:54','2016-05-19 04:11:15'),(3,3,'declined','2019-06-11 12:31:34','1984-10-11 13:38:24'),(4,4,'requested','1980-12-20 23:47:16','2015-08-15 19:25:50'),(5,5,'unfriended','2009-02-14 16:21:26','2017-06-26 05:12:37'),(6,6,'unfriended','1980-11-18 21:48:11','2017-12-19 17:23:19'),(7,7,'unfriended','1987-02-26 18:38:13','1971-03-28 15:38:21'),(8,8,'requested','1971-11-28 23:36:55','2013-11-30 22:14:48'),(9,9,'requested','2019-10-08 14:23:41','1974-12-31 02:55:23'),(10,10,'unfriended','1972-05-11 10:03:44','2015-05-14 09:20:26'),(11,11,'declined','1990-06-13 12:05:21','2017-06-07 17:41:37'),(12,12,'unfriended','1978-12-27 17:34:37','1996-03-18 19:46:24'),(13,13,'requested','2012-04-02 07:12:34','1972-10-22 14:11:15'),(14,14,'declined','1999-08-07 09:45:40','1974-12-29 04:59:36'),(15,15,'requested','2019-04-16 08:23:57','2008-12-01 18:02:53'),(16,16,'unfriended','1984-11-30 00:19:49','2018-09-26 14:14:53'),(17,17,'declined','1993-09-22 19:32:56','2012-09-28 11:14:01'),(18,18,'unfriended','2017-06-26 18:18:17','1980-12-30 12:41:14'),(19,19,'requested','1973-11-10 23:12:37','1979-06-19 17:33:09'),(20,20,'declined','2004-08-01 04:12:04','2002-03-18 12:13:23'),(21,21,'approved','2003-09-10 21:30:18','2011-02-03 18:44:18'),(22,22,'declined','2018-01-04 11:59:07','2017-02-10 17:05:03'),(23,23,'approved','1972-02-22 15:49:28','1975-01-17 17:29:54'),(24,24,'declined','1975-03-17 08:50:32','2004-08-18 10:13:48'),(25,25,'requested','1991-03-08 16:05:32','1991-03-11 04:57:18'),(26,26,'approved','1986-03-08 19:12:45','2009-10-14 10:17:16'),(27,27,'approved','2007-11-13 16:30:57','2001-02-09 08:13:32'),(28,28,'approved','1981-01-07 23:28:44','1999-01-25 20:39:20'),(29,29,'approved','2002-07-10 07:01:49','1992-04-29 20:33:07'),(30,30,'declined','1978-02-20 18:32:06','1981-02-24 16:14:30'),(31,31,'approved','1997-01-01 06:09:11','2011-12-01 23:40:27'),(32,32,'declined','2008-07-27 09:23:11','1986-06-18 13:41:30'),(33,33,'unfriended','1985-10-20 03:57:01','2002-10-28 20:59:35'),(34,34,'approved','2008-06-20 12:11:38','2017-08-30 11:35:16'),(35,35,'unfriended','1997-11-15 16:45:49','1999-07-17 17:29:20'),(36,36,'requested','2005-07-17 06:17:16','1992-03-12 12:08:52'),(37,37,'approved','2003-04-07 16:54:51','2012-02-09 01:58:24'),(38,38,'declined','1977-09-03 15:01:57','1986-08-12 20:29:56'),(39,39,'requested','2000-05-11 16:17:47','2001-11-02 10:58:31'),(40,40,'declined','2008-11-24 18:56:14','2003-07-01 02:27:41'),(41,41,'requested','1988-08-20 00:13:56','1974-12-29 16:31:32'),(42,42,'unfriended','2010-09-26 22:48:20','1982-05-17 07:50:28'),(43,43,'approved','1992-02-19 09:31:15','2011-12-22 00:04:14'),(44,44,'requested','1993-10-25 09:30:18','1989-06-23 06:35:24'),(45,45,'declined','1992-09-18 16:11:04','2015-11-22 17:01:18'),(46,46,'approved','1982-05-19 05:23:13','1983-01-16 08:54:46'),(47,47,'approved','1988-01-19 18:09:03','1990-07-09 22:17:39'),(48,48,'requested','1975-03-12 10:02:44','1974-10-12 07:11:59'),(49,49,'approved','2009-03-17 16:33:02','2002-11-08 02:40:23'),(50,50,'approved','2005-11-13 01:28:28','1996-12-25 19:13:24'),(51,51,'approved','1996-09-10 00:37:50','2019-06-05 21:49:54'),(52,52,'declined','2004-12-23 00:21:05','1995-12-17 02:56:43'),(53,53,'approved','1981-12-25 11:52:33','1988-07-11 05:12:32'),(54,54,'requested','1973-11-02 16:57:27','1970-10-24 04:05:44'),(55,55,'approved','1996-11-20 11:40:13','1986-03-31 15:28:49'),(56,56,'unfriended','1999-09-17 21:50:22','2010-11-23 17:47:28'),(57,57,'approved','2010-10-01 04:19:50','1991-02-21 21:45:39'),(58,58,'approved','2013-02-20 17:46:25','1973-10-21 12:22:34'),(59,59,'requested','1971-04-14 21:29:08','1980-11-10 18:28:29'),(60,60,'approved','2003-09-14 07:43:02','1992-01-11 19:41:54'),(61,61,'requested','2018-03-10 17:22:30','1987-04-18 06:09:04'),(62,62,'requested','1997-10-27 00:10:17','2014-09-23 20:56:52'),(63,63,'declined','2001-08-11 22:40:49','2006-05-08 11:58:09'),(64,64,'declined','1979-10-01 00:57:28','1975-10-01 10:37:01'),(65,65,'declined','2010-04-05 09:53:21','1979-11-06 09:04:15'),(66,66,'declined','1974-01-27 22:44:05','2008-10-12 08:56:50'),(67,67,'approved','1995-07-06 09:25:20','1992-11-21 09:18:57'),(68,68,'approved','2016-11-24 01:05:17','2007-01-28 13:07:45'),(69,69,'unfriended','1995-02-04 01:57:51','2000-07-25 12:09:30'),(70,70,'requested','1993-02-13 06:33:06','1986-10-16 19:20:21'),(71,71,'requested','2009-01-08 02:55:02','1996-12-28 11:05:08'),(72,72,'unfriended','1983-11-16 20:09:48','1977-09-02 18:52:42'),(73,73,'unfriended','1981-07-25 02:13:02','1985-10-22 17:33:08'),(74,74,'requested','1990-12-11 02:58:30','1996-04-08 23:13:03'),(75,75,'approved','1997-07-08 13:38:47','1993-03-13 10:36:03'),(76,76,'declined','1979-08-31 05:14:24','2011-12-03 00:01:34'),(77,77,'declined','1978-01-05 20:38:03','1988-06-06 18:49:56'),(78,78,'approved','2007-08-15 20:34:24','2017-10-16 01:57:16'),(79,79,'declined','1973-02-25 21:33:40','2018-04-21 06:15:21'),(80,80,'approved','1989-10-20 14:50:05','1988-04-13 01:20:05'),(81,81,'declined','1989-03-04 10:06:11','2018-09-11 08:47:33'),(82,82,'declined','2018-07-27 15:18:33','1997-10-17 23:06:25'),(83,83,'declined','1989-08-22 09:40:16','2005-08-19 04:23:16'),(84,84,'unfriended','2018-07-15 01:37:44','1971-05-04 05:37:24'),(85,85,'unfriended','2014-08-27 15:58:07','2002-02-04 20:42:10'),(86,86,'unfriended','1990-02-13 08:53:51','1982-08-09 16:13:06'),(87,87,'declined','1975-10-20 20:16:17','1972-10-08 21:31:16'),(88,88,'declined','2009-02-08 01:55:01','1976-05-05 22:34:43'),(89,89,'approved','1997-05-20 04:44:00','2016-05-18 16:12:00'),(90,90,'declined','2017-01-08 05:27:42','1982-05-24 11:08:53'),(91,91,'approved','2010-06-08 20:24:36','1989-11-19 21:18:29'),(92,92,'requested','2013-09-26 13:26:19','2009-05-12 08:15:29'),(93,93,'approved','1974-08-13 23:47:19','1982-12-04 11:03:08'),(94,94,'declined','1984-06-28 17:22:30','1990-10-20 08:14:16'),(95,95,'requested','2002-11-29 03:54:08','1990-08-12 10:21:23'),(96,96,'declined','1981-12-30 07:15:28','1976-09-29 18:05:04'),(97,97,'requested','2002-10-03 22:36:43','2002-07-24 20:52:42'),(98,98,'requested','2016-08-16 14:21:20','2013-01-21 23:50:48'),(99,99,'requested','2000-09-10 05:15:22','1999-07-20 23:36:23'),(100,100,'declined','2007-09-24 14:20:27','1994-10-12 06:04:21');
/*!40000 ALTER TABLE `friend_requests` ENABLE KEYS */;
UNLOCK TABLES;

--
-- Table structure for table `likes`
--

DROP TABLE IF EXISTS `likes`;
/*!40101 SET @saved_cs_client     = @@character_set_client */;
/*!40101 SET character_set_client = utf8 */;
CREATE TABLE `likes` (
  `id` bigint(20) unsigned NOT NULL AUTO_INCREMENT,
  `user_id` bigint(20) unsigned NOT NULL,
  `media_id` bigint(20) unsigned NOT NULL,
  `created_at` datetime DEFAULT current_timestamp(),
  PRIMARY KEY (`id`)
) ENGINE=InnoDB AUTO_INCREMENT=101 DEFAULT CHARSET=utf8 COLLATE=utf8_unicode_ci;
/*!40101 SET character_set_client = @saved_cs_client */;

--
-- Dumping data for table `likes`
--

LOCK TABLES `likes` WRITE;
/*!40000 ALTER TABLE `likes` DISABLE KEYS */;
INSERT INTO `likes` VALUES (1,1,1,'2007-04-17 13:38:01'),(2,2,2,'1990-11-13 22:09:22'),(3,3,3,'1985-04-11 13:04:09'),(4,4,4,'2004-04-23 23:42:54'),(5,5,5,'2002-02-15 04:21:49'),(6,6,6,'2000-08-26 16:11:11'),(7,7,7,'2008-06-23 12:49:02'),(8,8,8,'2018-09-12 05:59:18'),(9,9,9,'2018-03-10 08:52:27'),(10,10,10,'1971-06-03 13:42:04'),(11,11,11,'1987-07-06 13:18:45'),(12,12,12,'1994-10-01 17:05:48'),(13,13,13,'1970-01-05 22:35:10'),(14,14,14,'2011-11-19 07:58:59'),(15,15,15,'1993-04-15 15:14:29'),(16,16,16,'1986-08-11 04:29:52'),(17,17,17,'2016-09-27 21:33:43'),(18,18,18,'2000-10-10 07:58:27'),(19,19,19,'1972-10-12 17:45:37'),(20,20,20,'1980-07-18 23:54:50'),(21,21,21,'2006-01-20 14:06:36'),(22,22,22,'1995-09-19 06:28:34'),(23,23,23,'1983-10-08 07:02:47'),(24,24,24,'1971-08-02 13:40:48'),(25,25,25,'1971-04-03 22:41:19'),(26,26,26,'2007-02-26 22:32:16'),(27,27,27,'2004-05-07 01:57:22'),(28,28,28,'2015-08-01 04:03:25'),(29,29,29,'1973-12-06 11:25:33'),(30,30,30,'1974-10-05 23:12:28'),(31,31,31,'1977-03-12 13:11:52'),(32,32,32,'2010-07-02 11:52:29'),(33,33,33,'1998-08-06 19:17:21'),(34,34,34,'1993-04-26 03:13:13'),(35,35,35,'2008-08-07 07:34:51'),(36,36,36,'2019-03-28 16:01:28'),(37,37,37,'1998-05-14 11:45:59'),(38,38,38,'2002-05-06 06:45:58'),(39,39,39,'1982-08-12 18:25:17'),(40,40,40,'1993-03-22 09:55:09'),(41,41,41,'2009-04-08 06:54:58'),(42,42,42,'1994-12-28 10:09:36'),(43,43,43,'1993-10-07 13:30:56'),(44,44,44,'2016-03-01 23:21:53'),(45,45,45,'2018-08-24 07:26:48'),(46,46,46,'2012-06-19 01:18:14'),(47,47,47,'1985-04-30 14:37:52'),(48,48,48,'2015-11-06 09:10:35'),(49,49,49,'2010-03-26 06:09:50'),(50,50,50,'1981-06-22 10:15:16'),(51,51,51,'1992-08-10 18:32:49'),(52,52,52,'1986-10-20 01:56:54'),(53,53,53,'1980-12-21 21:56:17'),(54,54,54,'1974-01-17 22:27:02'),(55,55,55,'1992-11-04 11:19:40'),(56,56,56,'1997-05-23 15:34:41'),(57,57,57,'2017-09-20 08:45:59'),(58,58,58,'2017-05-22 02:07:59'),(59,59,59,'1979-11-25 22:35:57'),(60,60,60,'2000-09-27 19:12:39'),(61,61,61,'2003-02-22 15:10:37'),(62,62,62,'2012-12-26 13:05:23'),(63,63,63,'1988-10-10 01:37:08'),(64,64,64,'1992-04-07 06:49:09'),(65,65,65,'1994-12-18 04:37:07'),(66,66,66,'1986-10-26 23:56:25'),(67,67,67,'1988-10-19 14:42:39'),(68,68,68,'1974-11-03 14:33:47'),(69,69,69,'1990-06-16 07:42:44'),(70,70,70,'1970-07-08 10:56:24'),(71,71,71,'2015-07-24 11:59:32'),(72,72,72,'1972-09-19 09:54:26'),(73,73,73,'2002-04-07 02:47:39'),(74,74,74,'2008-07-04 09:46:46'),(75,75,75,'2010-05-12 10:55:35'),(76,76,76,'1996-11-16 11:47:57'),(77,77,77,'2015-01-04 14:30:19'),(78,78,78,'1970-02-08 22:24:16'),(79,79,79,'2005-07-15 13:24:55'),(80,80,80,'1982-12-30 08:39:15'),(81,81,81,'1993-03-26 21:19:57'),(82,82,82,'2016-05-07 10:59:17'),(83,83,83,'1983-06-20 01:32:42'),(84,84,84,'1988-08-24 22:59:37'),(85,85,85,'2007-02-25 02:34:08'),(86,86,86,'2018-07-13 16:50:23'),(87,87,87,'1975-05-13 01:22:43'),(88,88,88,'1978-08-16 02:14:26'),(89,89,89,'2009-11-24 04:54:40'),(90,90,90,'2018-01-10 12:38:31'),(91,91,91,'1971-03-01 04:38:33'),(92,92,92,'1971-08-18 19:13:27'),(93,93,93,'1991-11-22 14:19:59'),(94,94,94,'2015-12-01 14:01:58'),(95,95,95,'1980-11-22 07:30:45'),(96,96,96,'2005-07-01 23:35:50'),(97,97,97,'2004-08-12 12:04:51'),(98,98,98,'1993-04-23 13:51:00'),(99,99,99,'1998-03-10 16:01:15'),(100,100,100,'2007-03-29 04:26:38');
/*!40000 ALTER TABLE `likes` ENABLE KEYS */;
UNLOCK TABLES;

--
-- Table structure for table `media`
--

DROP TABLE IF EXISTS `media`;
/*!40101 SET @saved_cs_client     = @@character_set_client */;
/*!40101 SET character_set_client = utf8 */;
CREATE TABLE `media` (
  `id` bigint(20) unsigned NOT NULL AUTO_INCREMENT,
  `media_type_id` bigint(20) unsigned NOT NULL,
  `user_id` bigint(20) unsigned NOT NULL,
  `body` text COLLATE utf8_unicode_ci DEFAULT NULL,
  `filename` varchar(255) COLLATE utf8_unicode_ci DEFAULT NULL,
  `size` int(11) DEFAULT NULL,
  `metadata` longtext CHARACTER SET utf8mb4 COLLATE utf8mb4_bin DEFAULT NULL,
  `created_at` datetime DEFAULT current_timestamp(),
  `updated_at` datetime DEFAULT current_timestamp() ON UPDATE current_timestamp(),
  PRIMARY KEY (`id`),
  KEY `user_id` (`user_id`),
  KEY `media_type_id` (`media_type_id`),
  CONSTRAINT `media_ibfk_1` FOREIGN KEY (`user_id`) REFERENCES `users` (`id`),
  CONSTRAINT `media_ibfk_2` FOREIGN KEY (`media_type_id`) REFERENCES `media_types` (`id`)
) ENGINE=InnoDB AUTO_INCREMENT=101 DEFAULT CHARSET=utf8 COLLATE=utf8_unicode_ci;
/*!40101 SET character_set_client = @saved_cs_client */;

--
-- Dumping data for table `media`
--

LOCK TABLES `media` WRITE;
/*!40000 ALTER TABLE `media` DISABLE KEYS */;
INSERT INTO `media` VALUES (1,1,1,'Et qui odit excepturi dicta facere quo nulla. Nemo vel laudantium nesciunt dolores et ducimus.','quo',908,NULL,'2018-08-24 13:32:59','1977-03-24 20:00:35'),(2,2,2,'Eos enim praesentium sit eos nemo voluptatibus. Tempora voluptas aspernatur enim porro quo impedit. Vitae saepe voluptatibus quia cumque debitis dolores eos. Eligendi quo dolorum nobis reiciendis deserunt minima excepturi.','laudantium',97,NULL,'2017-03-22 01:05:20','1989-02-01 08:44:54'),(3,3,3,'Recusandae incidunt ut corrupti in corrupti ipsam quibusdam. Voluptas rerum beatae similique eum est exercitationem. Blanditiis id aut nemo necessitatibus ducimus. Voluptatibus voluptas ut sequi numquam.','harum',75,NULL,'2003-10-03 19:27:57','1998-11-30 11:58:17'),(4,4,4,'Sint sit officiis et explicabo quo corrupti laudantium. Dicta consequatur dolorem perspiciatis. Enim facilis quia itaque voluptatem illum ex. Et illo ex enim.','praesentium',327549570,NULL,'2011-12-02 02:59:46','1992-09-23 05:46:19'),(5,5,5,'At dolor quisquam similique ad qui sunt nam quia. Id ratione consequatur nam aut facere ullam. Ut alias blanditiis est explicabo dolor dolores voluptatem qui. Tenetur sint magnam nam est similique.','magni',89335825,NULL,'1979-11-13 02:43:25','2013-06-27 08:02:24'),(6,6,6,'Officia dolor est ab vel soluta. Minus qui eos laboriosam occaecati exercitationem officia. Harum eos est debitis. Ipsa molestiae modi alias vitae non.','velit',20912979,NULL,'1977-06-11 00:57:46','1976-02-27 01:04:06'),(7,7,7,'Dolor accusamus rerum qui omnis consequuntur. Molestiae ut rerum omnis et. Rerum enim et aliquam pariatur architecto corrupti. Deserunt illo ea dolor amet eum.','amet',569,NULL,'1996-10-23 07:27:04','1980-02-20 01:56:57'),(8,8,8,'Mollitia laudantium itaque accusantium qui soluta ea ab. Praesentium fuga et hic mollitia. Qui voluptatem libero perferendis vel est porro eum.','officia',0,NULL,'2018-06-24 15:39:38','1988-03-28 04:40:52'),(9,9,9,'Aperiam provident cupiditate consequuntur rem aspernatur deleniti similique. Numquam et aperiam dolore et nemo. Quisquam ut quia et eum esse. Doloribus eaque nobis omnis qui et rem.','eum',758,NULL,'1996-04-14 09:07:20','1987-07-24 03:27:39'),(10,10,10,'Id ut expedita et nesciunt. Odit quis corporis consectetur a fugit non aliquam.','voluptates',5736616,NULL,'1993-04-05 16:45:48','1989-07-07 01:45:44'),(11,11,11,'Recusandae rerum ea laudantium at alias et. Accusantium qui adipisci consequuntur quos. Occaecati esse cum pariatur maxime dolores.','est',61303,NULL,'1970-04-19 11:19:54','2001-11-16 18:07:03'),(12,12,12,'Optio est consequatur rerum voluptate error. Officia labore et et et sed. Aut vitae eaque vel quam eos ut. Et sed nam voluptatum quia quae impedit consequatur tempora.','pariatur',556690,NULL,'1972-05-22 01:05:54','2003-08-07 08:06:06'),(13,13,13,'Dolorum et voluptas delectus deserunt. Aliquam corporis eligendi dolorem quae. Magni ut eligendi dolores dolorum tempora a.','commodi',35639,NULL,'2007-09-19 17:40:40','1995-11-16 13:55:39'),(14,14,14,'Architecto suscipit itaque vel saepe maxime quia dolores. Vero qui nihil veniam nemo harum quo consectetur. Consequatur adipisci repellendus accusantium molestiae velit quia mollitia asperiores.','sit',75798261,NULL,'1978-04-14 06:15:10','1992-09-09 17:59:38'),(15,15,15,'Tempora qui cupiditate quas placeat. Nam eius sed fugiat ut atque.','ad',649,NULL,'1987-04-17 15:59:53','1981-08-21 18:05:56'),(16,16,16,'Eveniet saepe sapiente ea aut. Magnam quidem temporibus dolor qui consequuntur. Omnis architecto eum voluptate et non est.','aut',44,NULL,'1981-03-21 15:19:51','2011-08-16 18:30:35'),(17,17,17,'Cupiditate velit quis ad praesentium. Recusandae corrupti alias voluptas et. Recusandae necessitatibus qui odit animi.','unde',81417,NULL,'2014-05-22 02:55:30','1984-12-30 22:54:20'),(18,18,18,'Voluptate velit accusamus culpa. Velit dolor molestiae officia quo debitis. Officia ut voluptas non dolorum doloremque cupiditate ducimus.','id',0,NULL,'1978-06-26 06:06:28','1984-11-05 01:24:10'),(19,19,19,'Ea consequatur quia aut et voluptas voluptatem. Voluptas est natus officia et ea sunt. Praesentium error maiores sequi consectetur.','sit',0,NULL,'2001-07-09 19:03:37','1979-06-26 17:00:18'),(20,20,20,'Vel autem minus in in consequatur minima facere. Laborum beatae neque ad magnam. Accusamus voluptatem molestias qui est magni. Dolor tempore alias est.','nostrum',665005336,NULL,'1986-06-19 21:11:30','2005-01-09 05:54:04'),(21,21,21,'Aut sit vero ut est laborum cumque labore. Itaque tempore rem vero quo voluptate nam eum. Quo cumque qui consequatur quam exercitationem voluptatibus soluta. Quasi maiores in vitae et reprehenderit rerum.','blanditiis',87370,NULL,'1989-06-23 19:34:37','2003-08-05 07:51:36'),(22,22,22,'Sequi aliquid odio quod culpa rerum voluptate. Cum est praesentium et sunt. Dolores dignissimos quo vel autem occaecati quia. Et non fuga eligendi unde.','repudiandae',319,NULL,'1983-06-25 05:53:03','2012-12-27 04:24:48'),(23,23,23,'Perspiciatis laboriosam porro doloremque aut blanditiis quaerat. Qui itaque maxime asperiores aspernatur fuga. Maiores reprehenderit suscipit ea nihil est eveniet est. Itaque tempora sit eum ipsum unde ut. Enim dolor sit et reprehenderit atque est voluptatibus.','et',56075986,NULL,'2009-11-26 04:19:34','2019-04-16 10:27:05'),(24,24,24,'Sit perspiciatis ea suscipit voluptatem eveniet architecto. Ipsam iusto occaecati dolores perferendis. Quia inventore ratione est et odit. Occaecati nam quis autem dolores.','laudantium',172681,NULL,'2006-09-13 12:57:34','2014-08-30 14:26:21'),(25,25,25,'Voluptatem alias accusamus non fuga neque eius aut debitis. Rem velit et nihil harum nesciunt. Ipsam quaerat minus ipsa veniam minus sit quo. Omnis pariatur cum officia a aliquid.','pariatur',98915683,NULL,'2017-10-23 19:49:56','1989-02-22 14:09:20'),(26,26,26,'Quo non qui officiis esse eum explicabo. Odio eum dolores tempore dicta architecto et unde. Ad nostrum est voluptas voluptatum. Est reiciendis asperiores dolorem itaque et facilis voluptatem.','inventore',36,NULL,'1989-01-23 13:48:11','1990-10-25 18:49:31'),(27,27,27,'Aliquam rerum aut doloremque tenetur iure totam. Esse et veritatis adipisci molestiae eius nihil est. Occaecati blanditiis aliquid quo.','recusandae',33,NULL,'1978-03-27 09:28:30','2018-12-12 20:37:29'),(28,28,28,'Qui eligendi numquam illo itaque cum. Consectetur ab iure ea quibusdam repellendus dolorem dignissimos. Velit modi nisi placeat natus non. Maiores ipsam similique nostrum amet.','incidunt',325,NULL,'2018-02-05 00:04:30','1980-09-23 23:33:12'),(29,29,29,'Non quis et aperiam et. Vel esse consequatur occaecati id a enim molestias laudantium. Earum voluptatum dolores saepe itaque assumenda. Error eos mollitia cum voluptatum ut est.','qui',68,NULL,'1983-01-14 21:44:53','1974-09-22 19:35:40'),(30,30,30,'Voluptatem sunt et dolorem ut perspiciatis. Aut aut veritatis autem unde iusto et. Odit inventore aut architecto et. Dolorem sequi vel corrupti dolor.','amet',150,NULL,'1983-12-07 13:17:31','2009-11-30 06:36:44'),(31,31,31,'Animi eos neque ut omnis. Sit nihil perspiciatis est magni ut itaque. Molestias aliquid reprehenderit qui consectetur ullam dicta facilis incidunt. Voluptas earum dolores doloremque reiciendis.','minus',9023463,NULL,'1992-07-08 18:46:08','1991-09-30 11:40:00'),(32,32,32,'Vitae ut architecto commodi eveniet nostrum ipsa recusandae. Nulla expedita sint labore dolorum earum.','vero',209349,NULL,'1999-08-13 00:15:21','2013-10-28 20:27:32'),(33,33,33,'Voluptas ipsam aut adipisci minima. Vero veritatis neque error sed. Saepe nemo deleniti ut repellat quas unde ut praesentium.','incidunt',79070,NULL,'1974-05-09 01:34:32','2011-12-19 05:03:59'),(34,34,34,'Fugiat sunt quia minus voluptatem. Quia dignissimos non quis ut itaque eos rerum. Ullam voluptas perspiciatis voluptatem unde. Esse alias et consequatur consectetur.','sint',3137311,NULL,'2005-11-07 17:41:51','1977-02-11 21:08:01'),(35,35,35,'Veritatis quae ipsa expedita praesentium facere sed. Dolorum expedita aliquid et et ea voluptatem vero. Voluptatem eius distinctio velit animi consequatur. Et hic cupiditate earum est reiciendis.','in',722711,NULL,'1983-11-17 01:54:04','1977-05-03 05:40:10'),(36,36,36,'Nulla itaque a quas doloribus enim sapiente. Vel quisquam est nemo est aliquid. Ipsam delectus non consectetur libero dicta id amet.','odio',0,NULL,'1978-12-09 23:11:24','2014-08-29 14:42:27'),(37,37,37,'Exercitationem eveniet culpa officiis. Iure officiis fuga eum. Non amet voluptas exercitationem eos.','rerum',9548056,NULL,'1986-11-10 12:05:09','1998-07-23 08:01:39'),(38,38,38,'Aliquam autem maxime ut sapiente sunt et. Sit velit molestiae reprehenderit voluptatem. Saepe laudantium quam ex atque adipisci facere. Qui eveniet et rem voluptatum.','voluptatem',138139,NULL,'2017-10-05 22:34:58','1988-10-11 01:52:51'),(39,39,39,'Dolorem omnis voluptatum tempore dolor a ea. Qui dolorem eveniet quod quibusdam aut ipsum et autem. Cupiditate saepe quod id tempore labore provident. Quo ut reiciendis a iste voluptatem omnis beatae assumenda.','commodi',437514,NULL,'1994-03-14 05:47:28','1973-10-24 08:49:28'),(40,40,40,'Officia consectetur ab eius temporibus illum officia molestiae rerum. Sapiente harum consectetur inventore ea aut eum. Voluptatibus reiciendis accusantium corrupti officia ratione occaecati.','aut',642505,NULL,'2014-02-11 22:03:55','1993-11-02 19:40:42'),(41,41,41,'Officia vel ducimus aut ut placeat. Rem facere debitis adipisci explicabo.','repellendus',4993,NULL,'1973-08-07 09:54:55','1984-03-23 11:03:39'),(42,42,42,'Dignissimos doloremque labore voluptas temporibus omnis necessitatibus omnis. Consectetur qui unde pariatur. Voluptatum dolores aliquid nemo id. Delectus consectetur expedita voluptates ut hic est rem et.','amet',309555,NULL,'2000-10-28 01:20:00','1971-05-24 03:20:24'),(43,43,43,'Voluptates veritatis tenetur nemo molestias quas quas quibusdam. Quaerat temporibus aspernatur et harum vero dolorum saepe. Id aspernatur unde nobis velit et.','vel',990,NULL,'1974-03-13 21:52:01','1987-02-18 19:11:00'),(44,44,44,'Minus at earum quo. Natus nesciunt voluptate et perspiciatis perspiciatis.','dolores',346912382,NULL,'1987-04-07 04:22:40','1988-09-02 01:39:25'),(45,45,45,'Sunt blanditiis dolorum illo vel rem suscipit quis labore. Magni qui esse eius velit. Debitis laborum quam sit molestias. Nemo eum voluptatem et cum enim voluptatum.','debitis',49,NULL,'1988-11-17 15:26:32','1975-09-08 11:20:19'),(46,46,46,'Est quis nihil consectetur earum aut. Qui et qui consequuntur natus eius. Provident sed magni sapiente voluptatum illum. Porro minima ut ad quasi ut doloremque id.','iste',791547427,NULL,'1973-09-19 03:42:20','2007-11-04 22:05:15'),(47,47,47,'Qui veritatis in eligendi numquam. Et dolores officiis illum maxime et et. Occaecati eius ducimus eum sed deserunt atque. Veritatis labore non fuga est.','et',8304,NULL,'2005-01-04 01:35:25','1986-05-23 01:17:56'),(48,48,48,'Suscipit necessitatibus fuga distinctio aperiam et. Deserunt possimus consectetur sint odit sapiente eaque. Qui occaecati voluptatem voluptas voluptatem eveniet.','minus',85,NULL,'1994-08-02 14:26:25','1984-06-28 16:42:04'),(49,49,49,'Autem non iure est repellat voluptatem possimus et magni. A porro nesciunt commodi est quisquam ut fugit. Eius fugit in illum. Quo unde voluptatum nostrum sint in consequatur.','exercitationem',776,NULL,'1983-12-07 18:06:13','1997-07-07 07:22:44'),(50,50,50,'Rerum ullam omnis cum quia est a veritatis. Fuga aliquid non deleniti recusandae qui laudantium.','nostrum',0,NULL,'2010-04-24 03:55:58','2013-11-10 21:22:08'),(51,51,51,'Vel harum culpa laudantium delectus dicta dolorum nobis. At tempore est exercitationem minima ullam excepturi. Inventore dolores reiciendis quam consequatur iure consequatur.','vitae',9420330,NULL,'1988-09-22 22:21:24','2011-12-27 02:37:29'),(52,52,52,'Fuga et rerum tenetur. Quia necessitatibus maiores veniam in dolore debitis beatae odit. Est repellat quis et sint. Et enim nihil est et nihil qui facilis.','eos',804,NULL,'2012-09-04 14:31:03','1998-04-18 23:34:17'),(53,53,53,'Doloremque explicabo sed sit qui. Omnis nobis nemo et molestias sed quis cum. Unde distinctio perspiciatis sit eum.','sit',3994282,NULL,'1972-04-11 16:47:12','2008-02-21 04:26:07'),(54,54,54,'Ut asperiores enim provident praesentium in. Tenetur qui modi voluptatem aut beatae voluptas distinctio.','omnis',433,NULL,'2006-10-03 07:10:19','1980-12-13 01:45:40'),(55,55,55,'Iure consequatur eaque aut iure at. Dicta aspernatur voluptatem tempora. Repellendus ea recusandae praesentium voluptatibus cumque. Voluptas rem enim veritatis velit nulla asperiores.','ab',0,NULL,'2015-12-12 22:06:28','1970-06-29 05:29:22'),(56,56,56,'Voluptatem ducimus ut corrupti et rem error maiores. Fuga neque ut totam et eligendi dicta blanditiis. Vel earum repellendus est ut cum.','qui',6685,NULL,'2001-12-15 19:19:25','1992-07-16 06:33:29'),(57,57,57,'Necessitatibus nemo aut laborum ad voluptas quam corporis. Ab sunt molestiae sed eveniet fugit quo ad. Omnis debitis vel impedit esse velit exercitationem ducimus exercitationem. Cumque nam consequuntur ipsum vel.','aut',78294302,NULL,'2010-01-17 05:00:56','2004-12-10 10:27:30'),(58,58,58,'Quis et magnam consequatur doloremque. Et et temporibus non ullam quam quas excepturi. Molestias est deleniti sapiente autem veniam labore consequuntur ipsa. Esse culpa expedita sed molestiae dicta eos.','laboriosam',6075,NULL,'2011-02-01 08:14:26','1983-07-31 20:56:11'),(59,59,59,'Possimus quia a suscipit ut porro qui voluptas. Aut consequatur quaerat saepe adipisci dolore. Aut sit natus qui voluptates enim vitae est.','voluptatem',695,NULL,'1998-04-13 23:16:59','2002-09-11 09:05:15'),(60,60,60,'Dolor ullam et libero eligendi repellendus aperiam aut. Laudantium dolor facere ut. Est quia est officia iste. Vitae eum saepe qui ipsa laboriosam et.','labore',39163427,NULL,'2019-03-05 12:46:12','2003-01-25 12:59:08'),(61,61,61,'Voluptates non eum sed culpa molestiae. Eum sit magnam quia ad quod ullam laborum aliquid. Placeat quas quia autem. Sint aliquam et minima quibusdam sunt iusto.','deleniti',169,NULL,'1970-03-08 06:04:39','1985-12-11 18:09:05'),(62,62,62,'Ut ipsum autem quis modi. Voluptas itaque excepturi corporis earum aut. Sed hic illo illum dolores facere rerum deserunt.','veniam',86,NULL,'2016-11-25 01:31:20','2007-03-03 17:01:03'),(63,63,63,'Nisi omnis qui enim tempora at. Harum itaque qui libero et. Nostrum vitae assumenda cupiditate ab voluptatem et.','accusantium',0,NULL,'1988-11-19 01:06:01','2016-12-24 14:24:51'),(64,64,64,'Et repellendus eum qui dicta porro. Eius et est omnis aut dolorum deleniti nemo.','placeat',412,NULL,'1989-12-12 08:24:31','1987-02-22 23:57:03'),(65,65,65,'Laborum rerum alias earum veniam. Delectus sed perspiciatis nesciunt culpa quis error. Deleniti ab officiis deleniti voluptas perspiciatis earum laboriosam.','illo',17343405,NULL,'1975-09-22 00:11:09','1981-04-27 07:06:09'),(66,66,66,'Temporibus eveniet qui eius quisquam impedit minima error. Magni aliquid qui assumenda earum ut blanditiis. Quia est distinctio magnam. Reprehenderit porro aspernatur pariatur non sed neque ipsum. Autem veniam error odit voluptatem ducimus laudantium.','sed',235968,NULL,'2002-05-08 10:37:39','1980-06-03 13:26:06'),(67,67,67,'Temporibus excepturi debitis non sed soluta voluptatem distinctio porro. Voluptatem voluptatem autem et nostrum corrupti iusto velit culpa. Voluptatem perspiciatis nobis voluptatem. Quia adipisci aut eum iure animi fuga maiores.','repellendus',0,NULL,'1986-10-25 23:51:57','1997-02-16 02:39:54'),(68,68,68,'Exercitationem sapiente eligendi velit. Corporis dolor et rerum ut asperiores molestiae. Consectetur non a eum reprehenderit animi dolore neque. Dolorem maxime tempora et atque et quo.','molestiae',945,NULL,'2004-04-08 13:52:10','1971-09-01 14:54:49'),(69,69,69,'Et eligendi assumenda maiores. Repellat ut laborum qui id dolores voluptas. Cupiditate debitis quo inventore. Eum in dolor possimus vero.','harum',3623,NULL,'1989-02-10 15:12:35','2001-02-23 17:44:08'),(70,70,70,'Laboriosam blanditiis perspiciatis fugit in distinctio. Ipsum maxime quis et aut quis aspernatur.','nesciunt',452025,NULL,'1995-01-16 01:41:22','1980-06-09 23:22:11'),(71,71,71,'Ea totam consequatur modi incidunt dolorum eveniet. Sunt dolor voluptatem quasi mollitia architecto aut voluptas. Vero ea officiis qui deserunt. Eius fugit sapiente dolorum sed aperiam.','est',358,NULL,'1991-02-26 22:03:32','2002-12-05 11:13:29'),(72,72,72,'Ipsam aut doloribus qui adipisci. Ut blanditiis voluptatum in dolore. Vel temporibus delectus distinctio maiores. Debitis aut quod ut ut vero.','velit',18661748,NULL,'1988-09-27 16:15:47','2010-11-10 17:14:45'),(73,73,73,'Vitae non illum blanditiis ea ut voluptatem. Minima sunt veniam dicta eius expedita cum. Labore consequatur qui ut necessitatibus. Facilis repellendus eos nisi et provident id aut. Minima aliquam adipisci perferendis.','voluptatem',44489671,NULL,'1975-12-28 16:35:20','1972-09-01 09:19:25'),(74,74,74,'Quod aspernatur autem ut hic qui earum. Molestiae minus ut dolore illo. Reiciendis molestias voluptas explicabo nihil dolorem iure aliquam.','voluptatem',214367290,NULL,'1992-12-09 19:46:36','2007-07-15 10:19:57'),(75,75,75,'Esse libero veniam mollitia. Ut neque culpa et rem. Maiores dolores vitae saepe quidem velit officiis.','officia',84956880,NULL,'1981-01-22 18:38:10','2016-01-07 15:02:04'),(76,76,76,'Repudiandae accusantium asperiores exercitationem. Repellendus non ipsum deserunt impedit consequatur dolores. Aut culpa eum est officiis fugit. Autem magnam aliquid modi dolore est deserunt.','velit',17,NULL,'1995-06-04 22:02:08','1970-02-07 06:15:15'),(77,77,77,'Qui nemo et reprehenderit ratione doloribus. Ab autem in et neque. Nihil sequi dolorem inventore. Laudantium nemo voluptatibus consequatur quis perferendis.','amet',108,NULL,'1980-05-22 03:59:07','2001-10-28 03:29:20'),(78,78,78,'Esse ipsum similique vero possimus sequi. Est voluptas et tenetur distinctio enim. Rerum aliquid facilis aliquam accusamus laboriosam.','id',236540,NULL,'1974-06-06 20:33:29','1983-12-31 00:13:12'),(79,79,79,'Eius sit eveniet et aut occaecati. Non magnam iste et voluptatem aliquam ducimus. Quaerat iste ut eos reprehenderit inventore.','fugit',6,NULL,'1996-11-28 19:06:56','1979-11-05 02:47:08'),(80,80,80,'Corrupti veniam neque assumenda vel est error et. Sit perspiciatis eos perspiciatis asperiores occaecati. Nobis suscipit nesciunt eius dignissimos vel tenetur incidunt. Soluta aut aut dolorem.','excepturi',604831737,NULL,'2013-09-24 06:03:26','2009-08-27 05:37:10'),(81,81,81,'Laboriosam maiores omnis tenetur sit. Dolorum hic quis sed. Eius iure dolor facilis est est culpa quidem est.','enim',41564,NULL,'1994-06-08 07:32:02','2017-10-06 15:38:48'),(82,82,82,'Blanditiis aut reprehenderit aspernatur molestiae eaque modi. Rem officia voluptas dolorem quo. Tempora enim tempora ut accusamus.','aliquid',39502,NULL,'1976-02-03 02:15:05','1978-05-11 10:27:52'),(83,83,83,'Illo maiores et velit libero. Voluptatem autem et quas impedit.','sunt',163376,NULL,'1972-12-19 02:15:40','1979-03-29 04:13:43'),(84,84,84,'Eum et ad minima sequi aperiam. Qui voluptatem minus aut animi maxime perferendis nostrum. Dolores ab deserunt nulla impedit aspernatur tempore. Veritatis incidunt eligendi hic tenetur velit ut autem doloremque.','quo',0,NULL,'1972-09-29 19:11:58','2012-06-10 21:01:49'),(85,85,85,'Impedit velit est vel nemo quos. Autem quae eos numquam soluta minus quo nisi. Veritatis odio fugit beatae qui qui.','sit',1303000,NULL,'2000-07-11 07:36:23','1974-12-08 23:31:16'),(86,86,86,'Qui non veritatis aut repellendus. Optio temporibus fugiat iusto qui. Repellat est aut quod voluptatum alias nobis vitae.','rerum',427404378,NULL,'2010-09-08 22:51:17','2016-05-17 14:26:47'),(87,87,87,'Delectus reprehenderit illo blanditiis ipsa voluptates et. Nihil blanditiis autem dicta quibusdam ratione est. Eius natus quis ipsa placeat quo. Non nihil sed qui nemo rerum ut. Blanditiis ut alias sint.','deleniti',974166,NULL,'1997-03-28 05:30:29','2007-11-29 08:23:02'),(88,88,88,'Blanditiis soluta aspernatur quia. Saepe tenetur laborum alias. Suscipit vel facilis impedit architecto.','dignissimos',929447,NULL,'1994-05-15 21:49:25','1996-08-20 06:10:53'),(89,89,89,'Velit dolore et distinctio impedit tempora recusandae. Debitis quibusdam est ex quia aspernatur vel est. Expedita suscipit pariatur vero reiciendis rerum sit mollitia.','provident',6839746,NULL,'1974-01-15 16:05:27','1980-10-23 10:02:20'),(90,90,90,'Magni accusamus neque at rerum officia consequuntur accusantium. Magni molestias dolores enim. Id iste optio incidunt id. Assumenda repudiandae atque rerum nam sequi.','ea',8481966,NULL,'1987-12-10 23:12:41','2008-11-15 05:35:42'),(91,91,91,'Et fugit ut qui ipsam enim voluptate. Ipsam qui vel neque consequuntur est.','eos',380025,NULL,'2005-11-08 18:12:38','1998-12-07 09:53:05'),(92,92,92,'Eos velit nobis reprehenderit culpa. Et voluptatem enim enim sunt sed quibusdam. Ratione eum odio eos autem quia qui quos. Odit ut consectetur harum.','eligendi',7056,NULL,'2000-02-13 16:29:41','1981-10-18 15:21:41'),(93,93,93,'Nam possimus mollitia fuga et tempore. Eum consequatur laborum eos est ullam non. Dolores asperiores ut atque numquam minima voluptas nam. Delectus exercitationem et et porro.','maxime',98747009,NULL,'1984-04-10 09:56:33','2009-09-19 15:34:27'),(94,94,94,'Doloribus libero officiis sit. Aliquam vitae laboriosam incidunt quis. Sed repudiandae commodi quibusdam voluptate.','eum',1380,NULL,'1973-05-29 11:34:51','1999-10-05 07:11:43'),(95,95,95,'Suscipit quis libero deleniti enim aut facilis. Porro aut error iusto dolor optio non. Impedit quo accusantium voluptas dignissimos quas adipisci. Nostrum ut alias blanditiis eos quis et.','repudiandae',0,NULL,'1998-07-28 07:58:02','1981-05-01 13:05:46'),(96,96,96,'Minus neque quia et ipsam. Quis cumque porro quisquam sunt et eius necessitatibus.','quae',57,NULL,'1977-04-08 06:45:03','1980-04-22 13:24:20'),(97,97,97,'Quis blanditiis saepe suscipit non voluptatum a et occaecati. Incidunt architecto tempora nostrum eveniet labore labore. Sunt quos natus soluta et qui sit. Ipsum id repellat et.','quos',582255791,NULL,'1996-03-10 18:19:30','2015-07-04 02:55:03'),(98,98,98,'Facere consectetur in ipsam iste repudiandae. Rem dignissimos sit est quia. Fugiat accusamus quis illum voluptas. A voluptas consequatur est debitis.','pariatur',69789552,NULL,'1987-07-09 03:40:00','2018-06-19 04:40:25'),(99,99,99,'Reprehenderit nulla sint nam perferendis a. Saepe voluptas impedit voluptas molestiae fugiat.','ut',9,NULL,'1975-08-09 15:49:08','1983-07-31 01:25:43'),(100,100,100,'Et praesentium maiores quas blanditiis est sunt sed alias. Qui neque deleniti molestiae beatae sed. Consectetur dolore velit exercitationem reiciendis vel.','distinctio',2,NULL,'1982-11-30 19:57:11','2009-08-21 00:50:54');
/*!40000 ALTER TABLE `media` ENABLE KEYS */;
UNLOCK TABLES;

--
-- Table structure for table `media_types`
--

DROP TABLE IF EXISTS `media_types`;
/*!40101 SET @saved_cs_client     = @@character_set_client */;
/*!40101 SET character_set_client = utf8 */;
CREATE TABLE `media_types` (
  `id` bigint(20) unsigned NOT NULL AUTO_INCREMENT,
  `name` varchar(255) COLLATE utf8_unicode_ci DEFAULT NULL,
  `created_at` datetime DEFAULT current_timestamp(),
  `updated_at` datetime DEFAULT current_timestamp() ON UPDATE current_timestamp(),
  PRIMARY KEY (`id`)
) ENGINE=InnoDB AUTO_INCREMENT=101 DEFAULT CHARSET=utf8 COLLATE=utf8_unicode_ci;
/*!40101 SET character_set_client = @saved_cs_client */;

--
-- Dumping data for table `media_types`
--

LOCK TABLES `media_types` WRITE;
/*!40000 ALTER TABLE `media_types` DISABLE KEYS */;
INSERT INTO `media_types` VALUES (1,'nostrum','2002-10-13 12:50:12','2004-03-20 10:18:02'),(2,'iure','1971-03-20 03:08:13','2019-01-07 19:30:35'),(3,'fugit','1976-04-16 03:43:20','1976-06-14 03:30:12'),(4,'asperiores','1974-09-15 20:57:42','1995-04-10 17:26:06'),(5,'aut','1979-11-22 18:41:26','2005-03-25 06:13:24'),(6,'quidem','1988-03-09 00:10:20','1983-09-24 20:17:54'),(7,'quia','1997-03-30 18:25:37','2004-07-05 12:56:48'),(8,'quia','1971-10-30 12:16:13','2018-03-17 12:06:50'),(9,'suscipit','1991-01-19 10:49:37','1980-07-03 18:42:41'),(10,'rerum','2003-11-14 00:04:52','1996-04-17 08:06:52'),(11,'blanditiis','2015-01-02 00:07:52','1983-11-10 03:58:30'),(12,'et','2011-07-30 21:35:40','1990-07-30 07:24:22'),(13,'quas','1982-10-01 03:05:58','1999-03-01 04:40:35'),(14,'cumque','1985-01-01 16:13:44','1996-03-24 04:52:51'),(15,'aut','2017-07-22 14:05:59','1994-01-04 14:14:15'),(16,'asperiores','1989-03-01 23:39:40','1998-03-02 21:00:40'),(17,'eius','2015-07-08 10:07:05','1979-02-24 19:31:28'),(18,'perferendis','1985-07-23 04:14:16','1985-08-01 04:34:32'),(19,'ut','1982-04-22 08:35:33','1990-06-25 01:20:43'),(20,'atque','1988-06-12 16:29:21','1970-04-12 21:16:52'),(21,'iure','2007-02-16 20:34:27','1979-06-03 07:55:43'),(22,'nihil','1985-03-17 13:53:01','2017-03-29 06:04:25'),(23,'consequatur','2015-11-28 08:38:26','2014-06-24 08:16:03'),(24,'nulla','1981-01-29 01:13:56','1972-01-05 08:04:48'),(25,'tempora','2018-08-28 19:24:27','2003-04-13 07:23:28'),(26,'sequi','1983-02-03 11:41:22','1977-02-12 08:30:34'),(27,'voluptatum','1993-04-19 08:04:17','2005-07-29 17:32:04'),(28,'labore','1984-05-15 06:06:29','1973-06-27 11:41:52'),(29,'blanditiis','1989-12-14 15:46:56','1970-11-08 08:59:27'),(30,'qui','2012-06-25 06:35:38','2018-07-14 01:52:29'),(31,'delectus','2002-10-20 02:41:24','1982-11-02 22:36:06'),(32,'eius','2013-01-22 08:38:23','2005-07-08 13:08:21'),(33,'magnam','1981-08-30 22:17:21','2018-12-05 02:50:26'),(34,'omnis','2005-06-25 02:40:10','1991-11-20 18:12:10'),(35,'aut','1974-08-04 16:23:20','1998-06-20 06:13:59'),(36,'reiciendis','1993-06-07 01:39:52','2015-10-17 17:14:25'),(37,'nulla','1992-03-28 17:33:54','1973-02-12 12:33:20'),(38,'nobis','2003-01-08 08:56:35','1989-06-10 15:29:42'),(39,'natus','1970-05-25 00:26:02','1997-07-18 13:46:43'),(40,'ad','1979-05-20 18:51:53','1984-06-29 14:31:40'),(41,'sint','1989-07-26 17:22:05','1980-05-17 12:55:25'),(42,'sed','1993-08-28 18:19:06','2014-12-17 23:40:54'),(43,'voluptatibus','1972-05-07 23:08:14','2005-02-28 08:27:04'),(44,'vel','2016-04-14 17:40:55','1975-07-19 09:30:08'),(45,'ad','2014-04-29 03:35:33','1997-09-16 23:23:58'),(46,'debitis','2015-10-18 12:20:23','2019-01-06 15:04:47'),(47,'quas','1985-05-24 11:00:08','1997-10-27 22:22:06'),(48,'corporis','2008-03-18 13:41:48','1995-01-28 19:28:54'),(49,'est','1992-12-16 21:36:39','1972-10-05 09:56:34'),(50,'qui','2007-05-29 13:35:58','2005-03-22 13:46:22'),(51,'veritatis','1990-09-04 09:50:14','1978-07-23 02:43:50'),(52,'enim','1990-10-25 16:02:36','1973-03-29 14:02:31'),(53,'voluptatum','1985-07-19 18:48:59','1986-03-12 16:26:46'),(54,'repudiandae','1986-09-09 01:00:23','2008-06-17 01:27:32'),(55,'vel','1981-12-06 05:04:14','1977-08-13 02:35:58'),(56,'est','1981-03-01 18:39:43','1975-11-05 22:28:46'),(57,'in','1987-02-27 04:35:20','2013-08-13 15:51:27'),(58,'illum','2008-12-07 13:41:39','2016-07-14 09:17:52'),(59,'occaecati','1988-06-30 01:24:18','1977-06-19 01:02:53'),(60,'autem','2006-02-18 20:42:44','1977-11-11 23:18:13'),(61,'dolor','2010-07-20 19:02:43','1995-01-31 21:49:48'),(62,'dolorum','2003-07-11 12:08:01','1973-08-24 20:26:22'),(63,'alias','1992-09-13 12:55:01','2011-09-02 15:28:26'),(64,'atque','2008-02-07 02:50:21','1997-10-22 03:38:28'),(65,'eius','2001-05-23 17:30:49','2007-02-04 09:14:31'),(66,'quod','2001-04-10 13:34:49','1979-09-12 11:57:40'),(67,'ratione','1971-09-30 16:44:41','2016-12-26 15:46:05'),(68,'maiores','2017-06-12 21:32:08','2013-07-08 09:04:58'),(69,'non','2011-09-08 08:59:21','1972-06-06 02:19:12'),(70,'est','2002-06-21 08:53:31','1982-08-08 17:43:35'),(71,'quo','1997-06-12 18:55:51','1981-07-21 21:54:14'),(72,'iste','1986-10-07 16:52:59','1997-09-09 20:29:58'),(73,'in','2007-11-12 23:06:23','1977-06-24 13:35:12'),(74,'consectetur','1979-07-30 15:31:27','1975-03-15 07:25:44'),(75,'consequatur','2006-07-30 20:29:57','2005-04-08 15:36:36'),(76,'facilis','2015-03-30 12:55:53','2012-01-29 14:48:45'),(77,'voluptas','2010-09-24 23:33:12','1990-12-06 07:25:13'),(78,'inventore','2011-09-21 17:15:46','1971-06-20 02:01:44'),(79,'aut','2017-12-23 14:19:21','1989-02-08 18:40:24'),(80,'laudantium','2017-06-17 05:01:38','2014-05-18 19:03:00'),(81,'repellat','1974-07-08 21:05:03','1974-05-12 11:54:35'),(82,'libero','1983-03-23 03:02:56','1992-04-03 20:54:37'),(83,'similique','1973-04-16 18:30:35','1985-02-17 11:16:19'),(84,'natus','1998-12-15 19:58:57','2009-04-16 10:11:22'),(85,'quis','2007-02-10 05:12:19','2002-09-16 03:41:59'),(86,'dolorem','1987-12-11 11:48:59','1979-08-15 07:55:09'),(87,'cupiditate','1992-11-28 03:47:43','1995-10-06 07:54:52'),(88,'sed','1979-12-08 21:42:51','2014-03-31 04:14:20'),(89,'rerum','1979-05-17 11:31:03','2017-06-28 22:24:27'),(90,'consectetur','2004-02-18 04:26:38','2002-04-12 07:50:51'),(91,'fuga','1973-11-30 02:10:45','1971-08-14 21:28:30'),(92,'sapiente','2000-08-26 18:29:15','2004-12-30 16:01:42'),(93,'corporis','1974-03-29 18:57:17','1973-08-05 07:28:04'),(94,'qui','1992-06-28 18:26:33','2002-12-18 08:59:43'),(95,'vero','1986-01-20 00:02:09','1998-04-15 14:37:29'),(96,'alias','2015-07-16 22:30:24','1980-04-20 04:01:52'),(97,'voluptatem','1996-06-28 21:13:19','2016-11-23 12:18:25'),(98,'omnis','2015-11-13 21:49:21','2007-02-04 22:54:57'),(99,'laudantium','2008-12-12 02:32:37','2009-12-06 08:47:37'),(100,'ratione','1993-12-22 16:06:23','2010-07-14 07:06:38');
/*!40000 ALTER TABLE `media_types` ENABLE KEYS */;
UNLOCK TABLES;

--
-- Table structure for table `messages`
--

DROP TABLE IF EXISTS `messages`;
/*!40101 SET @saved_cs_client     = @@character_set_client */;
/*!40101 SET character_set_client = utf8 */;
CREATE TABLE `messages` (
  `id` bigint(20) unsigned NOT NULL AUTO_INCREMENT,
  `from_user_id` bigint(20) unsigned NOT NULL,
  `to_user_id` bigint(20) unsigned NOT NULL,
  `body` text COLLATE utf8_unicode_ci DEFAULT NULL,
  `created_at` datetime DEFAULT current_timestamp(),
  PRIMARY KEY (`id`),
  KEY `messages_from_user_id` (`from_user_id`),
  KEY `messages_to_user_id` (`to_user_id`),
  CONSTRAINT `messages_ibfk_1` FOREIGN KEY (`from_user_id`) REFERENCES `users` (`id`),
  CONSTRAINT `messages_ibfk_2` FOREIGN KEY (`to_user_id`) REFERENCES `users` (`id`)
) ENGINE=InnoDB AUTO_INCREMENT=101 DEFAULT CHARSET=utf8 COLLATE=utf8_unicode_ci;
/*!40101 SET character_set_client = @saved_cs_client */;

--
-- Dumping data for table `messages`
--

LOCK TABLES `messages` WRITE;
/*!40000 ALTER TABLE `messages` DISABLE KEYS */;
INSERT INTO `messages` VALUES (1,1,1,'Aliquam qui sunt corporis consequatur vel rerum molestiae. Laboriosam voluptate id et quo.','2001-12-14 06:27:38'),(2,2,2,'Eaque et delectus fugiat sint modi nobis. Nostrum iusto unde ratione maiores quaerat. Ut debitis debitis dolores ad sunt quidem. Non quasi iste rem totam tenetur laboriosam nihil quaerat.','1972-04-21 15:22:43'),(3,3,3,'Et veniam consectetur quos et rem rerum commodi. Dignissimos explicabo fuga incidunt ut. Quis voluptas illum est qui assumenda cum.','2018-10-27 18:50:03'),(4,4,4,'Ut ipsa et perferendis temporibus aut nihil et. Reprehenderit omnis atque debitis voluptates laudantium. Quo velit laboriosam quia quis aspernatur pariatur.','2006-05-05 16:50:14'),(5,5,5,'Omnis ipsam blanditiis numquam molestias. Et cumque non dolorum labore ex voluptas. Enim quis architecto asperiores iure qui et qui. Voluptatem accusamus quisquam quaerat qui.','1974-04-22 07:17:06'),(6,6,6,'Laudantium a culpa odit reiciendis cupiditate. Molestiae eligendi sed esse natus ad placeat. Vel dolores non id est necessitatibus sunt ad.','1972-01-12 06:51:26'),(7,7,7,'Ipsam quod dolorum vitae doloremque reiciendis esse corrupti. Nulla dolor nostrum autem a tempore et. Ex nemo delectus quia deserunt sed maiores dolorem. Exercitationem beatae dolores sunt ullam labore nihil quidem. Reiciendis voluptas quidem enim quae veniam.','2005-12-02 21:46:30'),(8,8,8,'Error id debitis voluptatem iusto rerum perferendis. Sunt inventore ad eius quia molestiae dolorum tempora eaque. Aliquam perferendis numquam ut necessitatibus. Maxime commodi dolores aut voluptate.','1991-01-13 03:03:17'),(9,9,9,'Excepturi vero consequatur doloremque dolorum aut aut. Perferendis fugiat quam maxime quidem quia sed. Laboriosam vel sint minus perferendis quibusdam. Quo nesciunt mollitia quasi et delectus est. Architecto et laboriosam est nam et magnam beatae.','2007-01-28 23:31:47'),(10,10,10,'Nihil ullam dolores ut eaque. Dolore cupiditate iusto consequatur sed maxime. Aut inventore rerum illo nobis numquam.','1993-11-14 09:34:58'),(11,11,11,'Quo impedit cupiditate quisquam. Et expedita architecto ipsam debitis.','2010-04-13 09:10:27'),(12,12,12,'Quo repellendus autem modi veniam. Cumque sit assumenda corrupti.','2000-07-04 06:47:53'),(13,13,13,'Reprehenderit fugit ut quibusdam et corporis. Sit corporis reprehenderit nostrum et facere laudantium. Eligendi labore dolorum dolorum dolores.','2006-02-17 23:22:01'),(14,14,14,'A quasi suscipit velit. Praesentium est voluptate exercitationem atque nam.','2009-05-12 21:42:26'),(15,15,15,'Repellat omnis maiores consequuntur voluptatibus quos molestias. Ut inventore accusantium ex dolorem et. Est officia et qui ex et laboriosam deserunt. Nam eos non hic enim cumque omnis.','1995-09-07 16:20:52'),(16,16,16,'Eius libero ea atque est assumenda ab expedita. Rerum quas repellat aut est itaque.','2006-06-27 01:18:51'),(17,17,17,'Aut a praesentium in assumenda officia animi eos ducimus. Incidunt molestias et voluptas soluta vel. Nam illo non minus totam.','2017-08-07 18:47:48'),(18,18,18,'Exercitationem vel quo sit quisquam. Architecto qui mollitia impedit nesciunt accusamus. Quam est repudiandae dolores numquam rerum hic. Impedit aut fugit sit sint nihil enim libero. Suscipit asperiores ea sed rerum.','1974-05-18 01:09:27'),(19,19,19,'Et quam explicabo voluptas illum vitae. Doloremque aut adipisci aut corrupti fuga.','1974-02-20 03:28:04'),(20,20,20,'Consequatur aut nihil cum id quidem. Dolorem omnis aut voluptatum officia cupiditate neque. Quo molestias similique qui voluptatum incidunt quibusdam sint.','2014-07-24 11:51:51'),(21,21,21,'Eum molestias rerum quos nulla. Est numquam dignissimos placeat dolorem. Aut officiis dolor doloremque repudiandae omnis aliquid.','1982-12-24 04:05:33'),(22,22,22,'Autem officiis debitis enim reprehenderit et. Eveniet placeat aut voluptatem cum nisi molestiae. Porro tenetur aut omnis modi doloribus. Eveniet omnis ex earum harum.','1998-02-23 03:19:41'),(23,23,23,'Rerum perspiciatis accusamus autem beatae ex illum et commodi. Sapiente possimus debitis est et reiciendis facere ipsa. Ea amet iste ut reprehenderit eius quasi porro.','2002-01-23 06:09:42'),(24,24,24,'Nihil aut vero consectetur qui quam sit sapiente. Consequatur perspiciatis et qui nisi laudantium. Assumenda quia assumenda et dignissimos voluptatibus ratione voluptatum. Aliquam quo ea incidunt ut.','2018-01-25 14:51:10'),(25,25,25,'Sunt eum excepturi et dolorem soluta quo deleniti. Non qui ea eveniet non nam. Voluptas cum quasi dolorem in qui. Impedit quaerat pariatur recusandae sed ipsa dignissimos.','2012-11-01 10:41:57'),(26,26,26,'Dolore est id dolor quia voluptatem harum dolor labore. Ullam sunt eum quo velit provident consequatur temporibus. Magnam esse voluptatem dolores dolor a officia.','1976-11-20 16:17:01'),(27,27,27,'Ea rerum sit et a deserunt corrupti eum. Similique harum exercitationem quae nisi. Qui eveniet perspiciatis quo est consequatur rerum. Rerum sed ab fugiat magnam. Voluptatem in facere voluptates ad sit odio.','2009-08-01 15:55:53'),(28,28,28,'Totam ut illum consequuntur dolores voluptatem est at. Culpa autem ducimus rerum nobis ut consectetur. Odit voluptatem id earum in vero officiis animi. Voluptas ipsam distinctio distinctio beatae sint aperiam corrupti sapiente.','2000-11-18 23:26:37'),(29,29,29,'Esse voluptas voluptatibus ea deleniti minima. Voluptas praesentium nihil quam aut deleniti et. Eum eum dolorem voluptatem dolor. Commodi et est vel autem soluta. Dignissimos ullam ut quaerat accusantium deleniti assumenda voluptatibus.','1992-11-23 02:13:48'),(30,30,30,'Soluta voluptate cum corrupti repudiandae. Esse porro similique magni.','1974-08-10 13:50:52'),(31,31,31,'Magni repellendus omnis fuga officiis qui. Quia voluptatem voluptas exercitationem ipsa voluptas quisquam.','2010-03-17 02:23:09'),(32,32,32,'Ipsum qui soluta et sit. Nobis et pariatur veniam iure quia quam. Ullam ut aut non consequatur. Eum nesciunt ducimus id adipisci quia.','1977-06-06 12:48:42'),(33,33,33,'Quis dignissimos unde quo dolor aliquam. Autem deleniti fuga facere iusto amet molestiae. Veritatis soluta molestiae aliquid iure odio amet. Sapiente sed omnis sunt libero nesciunt.','1980-08-26 18:34:56'),(34,34,34,'Facilis rem non eum vitae laboriosam. Quisquam alias quia eligendi. Et ad molestiae earum necessitatibus id totam quae.','1982-01-30 13:29:50'),(35,35,35,'Et maiores aut et recusandae id. Vel dicta et id ex architecto et. Enim dicta provident accusantium animi vel debitis veritatis minima.','1990-11-25 19:34:15'),(36,36,36,'Cum fuga dignissimos eum qui et velit error dicta. Non necessitatibus et sit commodi cum impedit maxime. Non ducimus ducimus excepturi. Beatae expedita repellat architecto ipsum et rerum atque numquam.','2013-02-21 15:12:33'),(37,37,37,'Soluta sunt enim et aliquid dolor omnis sit. Quam molestiae qui temporibus perferendis. Est quia dolorem ut consequatur.','1975-02-07 00:21:53'),(38,38,38,'Molestias eaque ea consequatur ut molestiae natus et. Accusantium accusamus quas eos consequatur similique quam. Qui aliquid eum vel qui dolores blanditiis est suscipit. Sit a et non sunt qui modi. Ducimus velit labore laborum est.','1987-02-14 03:33:10'),(39,39,39,'Illum porro rerum ut dignissimos est et ratione. Sapiente eaque maiores vitae maxime reprehenderit modi est rerum. Voluptas ut voluptas harum at in suscipit dolorem. Vero ut cumque qui at.','1991-01-09 02:16:40'),(40,40,40,'Enim enim omnis iure et iure optio laudantium. Fugit suscipit voluptates dolore. Architecto et ipsam in voluptas perferendis quia dolore voluptas. Nostrum necessitatibus atque blanditiis ipsam dolores.','1971-06-22 08:24:56'),(41,41,41,'Deleniti eos maiores nostrum et. Quod illo possimus quod iusto impedit. Magni sed recusandae error delectus quidem vitae consequatur. Autem voluptatem excepturi eum ut dolores voluptatem.','1981-03-24 12:38:29'),(42,42,42,'Minima itaque quia et quo. Ut veniam qui a iure hic. Quia pariatur esse delectus dolor sint.','1988-10-19 20:03:10'),(43,43,43,'Mollitia placeat error eligendi sed voluptate dolorum eveniet expedita. Quaerat et ex ipsa ea quod officiis in doloremque. Tempore expedita nihil necessitatibus saepe sint inventore in. Vero delectus et eum eos natus commodi quibusdam earum.','1996-12-08 19:42:01'),(44,44,44,'Quibusdam nihil temporibus facere reiciendis fugit. Dolorem qui aspernatur enim eaque. Maiores magnam quis suscipit dolor soluta corporis. Enim ipsum odit accusantium voluptas deserunt.','1982-08-15 03:27:58'),(45,45,45,'Voluptas ut a blanditiis quae. Ut animi sint alias voluptates quidem et modi. Minima rerum et reiciendis quod sapiente error at et. Beatae veniam quo distinctio asperiores. Aut et ea suscipit iusto aliquam.','1973-12-24 12:13:01'),(46,46,46,'Maiores amet autem ut. Totam voluptatem ullam eligendi est impedit. Repellat quidem minima corrupti voluptatibus minima. Reprehenderit aliquam delectus dolor impedit placeat.','1989-07-16 18:55:21'),(47,47,47,'Dolorum dicta ipsam non. Unde voluptates alias impedit magni qui voluptas aut. Voluptatibus quisquam nihil enim excepturi. Officia sunt natus illo enim maxime omnis quia.','1993-08-01 06:54:37'),(48,48,48,'Cumque alias maxime expedita magni. Numquam optio recusandae consectetur voluptas rerum et. Similique quod eaque similique nihil. Est voluptas vel officia ipsa natus dolorum.','1992-10-29 20:55:38'),(49,49,49,'Nesciunt voluptatum et sint eos assumenda voluptate ducimus. Corrupti omnis ut vitae corporis. Voluptate voluptatem voluptatem voluptates aspernatur. Eum qui neque sint assumenda quia.','1999-06-01 19:52:18'),(50,50,50,'Et qui qui voluptate saepe quasi corrupti non. Quasi minus qui ipsam rerum dolorum provident doloribus. Quas accusamus quaerat voluptates.','1989-08-15 09:09:56'),(51,51,51,'Libero iure quos aut et odit sapiente. Quia est nesciunt laboriosam dicta. Fugit accusamus voluptatem voluptatibus perspiciatis. Perspiciatis earum omnis ullam qui eius nemo est. Totam et quo nisi deleniti.','1970-09-21 17:28:41'),(52,52,52,'Dolores quibusdam nesciunt sint quia. Ut cumque veniam asperiores ut tempore. In perspiciatis accusantium tempore ipsum ducimus.','1979-04-29 02:02:43'),(53,53,53,'Natus optio dignissimos officiis voluptate sit. Iste consequuntur eligendi nihil. Et rerum autem eligendi corporis. Temporibus quas quod et excepturi reiciendis.','1998-08-02 01:15:59'),(54,54,54,'Placeat distinctio assumenda aut quod quis voluptatibus doloremque totam. Omnis facilis qui aut quo veritatis. Quidem ut eaque eos numquam fuga. Sunt nulla nesciunt aut qui velit. Accusantium molestiae nihil tenetur ipsum aut.','2013-05-27 04:10:09'),(55,55,55,'Quo occaecati sed ullam perferendis aut. Sunt ratione magnam et quisquam voluptatem quo aliquid. Necessitatibus et ipsum rerum et similique nulla eos. Sit qui voluptate laudantium est.','2017-11-02 17:11:43'),(56,56,56,'Quidem alias veniam qui. Tempora itaque tenetur debitis ipsum et qui in molestias. Ut quis aut dignissimos vero ut blanditiis. Et quos officia labore delectus aut in qui.','1997-05-23 14:11:38'),(57,57,57,'Qui facilis inventore repellat ut qui. Voluptate sapiente velit ipsum mollitia. Magni deleniti unde asperiores distinctio illo sequi.','1975-04-14 19:22:23'),(58,58,58,'Ullam assumenda voluptas aspernatur velit deleniti voluptatem commodi. Reprehenderit distinctio quaerat quo. Aut et assumenda vel consequatur animi sit. Qui vitae magnam vero iusto labore maxime nostrum.','2014-04-04 04:47:35'),(59,59,59,'Quos autem est quam et. Perspiciatis modi blanditiis ex eaque voluptate ut error et. Veritatis accusamus doloribus officia reiciendis.','1974-04-26 18:42:17'),(60,60,60,'Commodi sit sed inventore molestiae cum reprehenderit. Est vel praesentium quo voluptates sint quos ab.','2016-07-03 06:01:26'),(61,61,61,'Quae eligendi placeat explicabo sit voluptatem omnis. Vero quo id at accusantium quisquam. Sequi consequuntur cumque velit qui.','2016-11-04 18:24:24'),(62,62,62,'Deleniti expedita natus tempore sequi ut. Dolore exercitationem qui ex sapiente distinctio numquam aut. Laboriosam autem dolorum voluptate eum dolorem aliquid ex.','2000-07-26 12:58:34'),(63,63,63,'Enim error voluptates eos quidem possimus molestiae est. Ut vitae unde reiciendis. Officia voluptatem et occaecati deleniti temporibus. Quae quae aut et quia et voluptatum architecto quo. Soluta et rerum voluptatem quasi.','2016-02-12 04:41:50'),(64,64,64,'Quo veritatis inventore iure asperiores quas. Consequuntur debitis dolor quam inventore maxime. Libero aut odio atque. Dignissimos earum est autem nesciunt.','1978-09-01 19:06:34'),(65,65,65,'Ab modi eveniet qui nam in quisquam animi. Dolores dolorum nihil suscipit consequatur quidem.','1975-03-13 10:07:47'),(66,66,66,'Ipsum aliquid maiores cum. Nostrum iusto iusto rerum et ut. Rerum autem molestiae sed maiores. Harum fugit consequatur dolorem odit.','1992-09-05 00:30:06'),(67,67,67,'Eligendi corrupti maiores minus hic repellendus deserunt animi. Consequatur laboriosam et repellat cupiditate in dolor. Exercitationem autem nam rem aliquam rerum quia ratione.','1991-01-07 11:17:49'),(68,68,68,'Harum et beatae sequi culpa repudiandae. Molestiae dolore enim voluptatem qui. Dolores laborum aut provident enim quia.','1971-07-24 08:21:04'),(69,69,69,'Modi rerum accusantium atque. Eum quo itaque ullam tenetur quidem. Omnis non culpa nihil dolores.','1975-10-03 08:03:57'),(70,70,70,'Minus et quas fuga aliquam explicabo repudiandae voluptatum. Neque quisquam labore et minima dolorem aspernatur. Facilis consequatur vel minima. Est error eligendi quia.','1979-04-20 16:08:39'),(71,71,71,'In sed voluptatibus sapiente non. Eos quia quia ipsum quisquam autem. Doloribus qui incidunt eum adipisci adipisci.','1989-07-15 09:26:14'),(72,72,72,'Quia et libero asperiores maxime. Qui dolorem velit dicta similique et. Officiis sint amet assumenda nemo.','1995-03-30 08:55:26'),(73,73,73,'Dolores consequatur placeat et eum inventore. Praesentium et sit quia magni. Cum repudiandae fugiat quibusdam aut tempora. Eum dolorem sit autem.','2016-06-26 01:54:31'),(74,74,74,'Amet nihil rerum omnis suscipit reiciendis porro a. Itaque et sit dicta id consectetur repudiandae quas ut.','1973-12-24 18:39:41'),(75,75,75,'Ut non nam occaecati nesciunt praesentium eum rem reiciendis. Consequatur repudiandae eaque deserunt provident et aut dolorum hic. Beatae illo ipsam sed qui quia dignissimos. Quas temporibus sed reprehenderit ea molestias reprehenderit.','2008-12-13 15:45:19'),(76,76,76,'Tempore eligendi voluptas eveniet numquam voluptatum. Nihil eaque eum ut et. Tenetur et quia esse ut et impedit eaque.','2009-08-15 16:10:55'),(77,77,77,'Eos quos nesciunt quasi sed ut consequuntur. Voluptas sunt amet sed qui harum doloribus. Aspernatur sint qui asperiores necessitatibus.','1987-07-10 18:13:56'),(78,78,78,'Blanditiis reprehenderit ratione occaecati fugiat. Quos placeat incidunt omnis ut mollitia. Nulla et eos sed earum. Quia blanditiis provident quisquam corporis ad est perspiciatis nam.','1996-01-01 16:11:38'),(79,79,79,'Tempore est harum est est. Aut atque sint rerum dolorem.','1974-06-04 07:00:06'),(80,80,80,'Soluta quo commodi necessitatibus ullam porro aut non rerum. Dolores aliquam incidunt laboriosam pariatur. Nulla atque est et et praesentium rerum et quibusdam. Exercitationem vel qui perferendis omnis.','2000-07-26 22:07:50'),(81,81,81,'Qui adipisci similique commodi repellat ipsum. Ipsam in quibusdam nihil eligendi numquam officia minus. Pariatur nostrum laudantium quas qui commodi recusandae autem. Laudantium quo expedita veritatis.','1973-11-14 04:16:23'),(82,82,82,'Adipisci aut rerum rerum non eos qui. Commodi eos adipisci inventore aliquam sunt. Placeat et quod vel aspernatur ipsum dicta. Ea tempore necessitatibus omnis eos ipsa quod officiis animi.','1982-06-20 09:57:05'),(83,83,83,'Quaerat quibusdam exercitationem rerum ea quia magni fugiat non. Dolorem in sint voluptas totam facere ex voluptatum rerum. Ut quia doloremque nam accusamus eos. Necessitatibus fugit dolorem ipsum ad consequatur omnis aut.','1996-09-25 22:49:41'),(84,84,84,'Nemo et vel nobis molestiae unde aut ea sit. Doloremque dignissimos delectus ut tenetur. Explicabo animi rerum quo qui quia.','1990-09-24 21:05:36'),(85,85,85,'Error qui et est ut necessitatibus. Sint quisquam voluptatem earum. Commodi nesciunt distinctio qui.','2014-07-18 12:52:41'),(86,86,86,'Fugiat adipisci voluptas repellat tempora ratione tempora porro. Facilis consequatur aliquam quia tenetur sunt aspernatur. Quaerat corrupti voluptas quae sit earum velit. Quas ut error nostrum nesciunt ex aut. Eos dolorum ut et qui debitis sed.','2010-12-30 18:12:31'),(87,87,87,'Molestiae exercitationem explicabo nobis officiis rem laudantium dolor eius. Assumenda nihil cum quasi facere. Autem rerum voluptas aut cumque cupiditate repudiandae assumenda. Odio quis mollitia id velit assumenda incidunt quia.','2010-06-04 18:40:36'),(88,88,88,'Est sit ut aut. In hic quis ratione omnis ut esse expedita nesciunt.','2009-02-03 17:33:03'),(89,89,89,'Et quae soluta omnis natus excepturi consequatur. Consequatur quam repellendus voluptas quod. Occaecati quae eligendi officia et. Non explicabo cum et quo aut qui aspernatur.','2004-01-06 10:04:29'),(90,90,90,'In aliquam esse nihil temporibus veniam quia hic cum. Repellat perferendis harum qui incidunt inventore. Ducimus fugit ut voluptate soluta sunt voluptas. Velit ut et non animi est velit.','1984-08-09 07:01:54'),(91,91,91,'Veritatis esse nostrum nostrum ipsa facilis. Molestiae fugiat repellendus amet dicta. Eius enim cupiditate velit omnis corporis aut. Sint explicabo perspiciatis assumenda corrupti ea aliquam.','1995-02-11 04:03:01'),(92,92,92,'Laudantium omnis consequatur inventore est velit dolores sed. Velit rem quod ipsa facere temporibus quis sit sit.','2010-08-24 21:51:12'),(93,93,93,'A aspernatur et qui optio eaque. Iure architecto et dolore dolores nobis sunt. Similique deserunt non id eligendi dicta sequi provident dolorem. Vitae sit et neque ipsum itaque nihil. Et dolor aut velit iusto.','2014-09-10 09:36:08'),(94,94,94,'Molestiae accusamus aliquid accusantium accusamus. Temporibus quia commodi rerum assumenda. Corrupti voluptatem consectetur et iusto animi.','2006-09-17 03:37:02'),(95,95,95,'Aperiam est earum aperiam voluptatibus tempora. Tempore consequuntur corrupti non voluptas aliquam sit vel qui. Et quidem animi repellat optio incidunt deserunt molestias tempore. Assumenda culpa delectus tempore harum assumenda.','2005-03-17 03:52:58'),(96,96,96,'Omnis mollitia quasi earum qui tempora voluptatum earum. Sed laboriosam aspernatur temporibus minus quam ad. Officia placeat ipsum odio eos rerum dolore quaerat recusandae. Necessitatibus aut nam porro officiis et repudiandae repudiandae excepturi.','1982-01-30 11:25:14'),(97,97,97,'Vel deserunt corporis distinctio harum consequatur nihil. Qui deleniti reiciendis non blanditiis corrupti. Totam expedita soluta aspernatur molestiae et.','1976-06-24 15:58:24'),(98,98,98,'Provident recusandae consequatur nemo aliquam asperiores consequuntur. Animi accusamus ut ipsum eveniet. Voluptatum excepturi veritatis sed ea nihil accusamus. Facilis omnis illo et error. Est corrupti dolores et.','2000-03-21 03:42:43'),(99,99,99,'Praesentium adipisci occaecati deserunt dicta. Et harum repudiandae sit. Aspernatur ut itaque voluptatibus officia voluptatem consequatur. Sed labore quia optio molestiae.','2017-03-17 07:59:16'),(100,100,100,'Est ea eaque in ex asperiores sit consequatur. Quo aut nobis magnam rerum laborum. Aut dolorem nihil nihil iusto et ducimus assumenda.','1970-07-05 11:47:50');
/*!40000 ALTER TABLE `messages` ENABLE KEYS */;
UNLOCK TABLES;

--
-- Table structure for table `photo_albums`
--

DROP TABLE IF EXISTS `photo_albums`;
/*!40101 SET @saved_cs_client     = @@character_set_client */;
/*!40101 SET character_set_client = utf8 */;
CREATE TABLE `photo_albums` (
  `id` bigint(20) unsigned NOT NULL AUTO_INCREMENT,
  `name` varchar(255) COLLATE utf8_unicode_ci DEFAULT NULL,
  `user_id` bigint(20) unsigned DEFAULT NULL,
  PRIMARY KEY (`id`),
  UNIQUE KEY `id` (`id`),
  KEY `user_id` (`user_id`),
  CONSTRAINT `photo_albums_ibfk_1` FOREIGN KEY (`user_id`) REFERENCES `users` (`id`)
) ENGINE=InnoDB AUTO_INCREMENT=101 DEFAULT CHARSET=utf8 COLLATE=utf8_unicode_ci;
/*!40101 SET character_set_client = @saved_cs_client */;

--
-- Dumping data for table `photo_albums`
--

LOCK TABLES `photo_albums` WRITE;
/*!40000 ALTER TABLE `photo_albums` DISABLE KEYS */;
INSERT INTO `photo_albums` VALUES (1,'et',1),(2,'cupiditate',2),(3,'dignissimos',3),(4,'sunt',4),(5,'culpa',5),(6,'sunt',6),(7,'corporis',7),(8,'ut',8),(9,'sunt',9),(10,'quibusdam',10),(11,'unde',11),(12,'ullam',12),(13,'quo',13),(14,'velit',14),(15,'minima',15),(16,'delectus',16),(17,'illum',17),(18,'libero',18),(19,'ad',19),(20,'enim',20),(21,'dignissimos',21),(22,'sit',22),(23,'quod',23),(24,'illo',24),(25,'minus',25),(26,'consequuntur',26),(27,'est',27),(28,'consectetur',28),(29,'porro',29),(30,'qui',30),(31,'ratione',31),(32,'minima',32),(33,'itaque',33),(34,'enim',34),(35,'aut',35),(36,'enim',36),(37,'modi',37),(38,'molestiae',38),(39,'beatae',39),(40,'aliquid',40),(41,'nam',41),(42,'et',42),(43,'suscipit',43),(44,'accusamus',44),(45,'eaque',45),(46,'aut',46),(47,'et',47),(48,'occaecati',48),(49,'ut',49),(50,'enim',50),(51,'tempore',51),(52,'et',52),(53,'sapiente',53),(54,'non',54),(55,'sit',55),(56,'sint',56),(57,'consequatur',57),(58,'error',58),(59,'in',59),(60,'quis',60),(61,'repellendus',61),(62,'fugit',62),(63,'tempora',63),(64,'sint',64),(65,'suscipit',65),(66,'soluta',66),(67,'quae',67),(68,'vero',68),(69,'voluptas',69),(70,'mollitia',70),(71,'ut',71),(72,'et',72),(73,'aut',73),(74,'et',74),(75,'quod',75),(76,'earum',76),(77,'sed',77),(78,'reprehenderit',78),(79,'asperiores',79),(80,'dolore',80),(81,'reprehenderit',81),(82,'libero',82),(83,'non',83),(84,'asperiores',84),(85,'voluptatem',85),(86,'officia',86),(87,'expedita',87),(88,'est',88),(89,'eius',89),(90,'odit',90),(91,'quia',91),(92,'facilis',92),(93,'quaerat',93),(94,'repellat',94),(95,'odio',95),(96,'et',96),(97,'ab',97),(98,'nisi',98),(99,'quo',99),(100,'eveniet',100);
/*!40000 ALTER TABLE `photo_albums` ENABLE KEYS */;
UNLOCK TABLES;

--
-- Table structure for table `photos`
--

DROP TABLE IF EXISTS `photos`;
/*!40101 SET @saved_cs_client     = @@character_set_client */;
/*!40101 SET character_set_client = utf8 */;
CREATE TABLE `photos` (
  `id` bigint(20) unsigned NOT NULL AUTO_INCREMENT,
  `album_id` bigint(20) unsigned NOT NULL,
  `media_id` bigint(20) unsigned NOT NULL,
  PRIMARY KEY (`id`),
  KEY `album_id` (`album_id`),
  KEY `media_id` (`media_id`),
  CONSTRAINT `photos_ibfk_1` FOREIGN KEY (`album_id`) REFERENCES `photo_albums` (`id`),
  CONSTRAINT `photos_ibfk_2` FOREIGN KEY (`media_id`) REFERENCES `media` (`id`)
) ENGINE=InnoDB AUTO_INCREMENT=101 DEFAULT CHARSET=utf8 COLLATE=utf8_unicode_ci;
/*!40101 SET character_set_client = @saved_cs_client */;

--
-- Dumping data for table `photos`
--

LOCK TABLES `photos` WRITE;
/*!40000 ALTER TABLE `photos` DISABLE KEYS */;
INSERT INTO `photos` VALUES (1,1,1),(2,2,2),(3,3,3),(4,4,4),(5,5,5),(6,6,6),(7,7,7),(8,8,8),(9,9,9),(10,10,10),(11,11,11),(12,12,12),(13,13,13),(14,14,14),(15,15,15),(16,16,16),(17,17,17),(18,18,18),(19,19,19),(20,20,20),(21,21,21),(22,22,22),(23,23,23),(24,24,24),(25,25,25),(26,26,26),(27,27,27),(28,28,28),(29,29,29),(30,30,30),(31,31,31),(32,32,32),(33,33,33),(34,34,34),(35,35,35),(36,36,36),(37,37,37),(38,38,38),(39,39,39),(40,40,40),(41,41,41),(42,42,42),(43,43,43),(44,44,44),(45,45,45),(46,46,46),(47,47,47),(48,48,48),(49,49,49),(50,50,50),(51,51,51),(52,52,52),(53,53,53),(54,54,54),(55,55,55),(56,56,56),(57,57,57),(58,58,58),(59,59,59),(60,60,60),(61,61,61),(62,62,62),(63,63,63),(64,64,64),(65,65,65),(66,66,66),(67,67,67),(68,68,68),(69,69,69),(70,70,70),(71,71,71),(72,72,72),(73,73,73),(74,74,74),(75,75,75),(76,76,76),(77,77,77),(78,78,78),(79,79,79),(80,80,80),(81,81,81),(82,82,82),(83,83,83),(84,84,84),(85,85,85),(86,86,86),(87,87,87),(88,88,88),(89,89,89),(90,90,90),(91,91,91),(92,92,92),(93,93,93),(94,94,94),(95,95,95),(96,96,96),(97,97,97),(98,98,98),(99,99,99),(100,100,100);
/*!40000 ALTER TABLE `photos` ENABLE KEYS */;
UNLOCK TABLES;

--
-- Table structure for table `profiles`
--

DROP TABLE IF EXISTS `profiles`;
/*!40101 SET @saved_cs_client     = @@character_set_client */;
/*!40101 SET character_set_client = utf8 */;
CREATE TABLE `profiles` (
  `user_id` bigint(20) unsigned NOT NULL AUTO_INCREMENT,
  `gender` char(1) COLLATE utf8_unicode_ci DEFAULT NULL,
  `birthday` date DEFAULT NULL,
  `photo_id` bigint(20) unsigned DEFAULT NULL,
  `created_at` datetime DEFAULT current_timestamp(),
  `hometown` varchar(100) COLLATE utf8_unicode_ci DEFAULT NULL,
  PRIMARY KEY (`user_id`),
  CONSTRAINT `profiles_ibfk_1` FOREIGN KEY (`user_id`) REFERENCES `users` (`id`) ON UPDATE CASCADE
) ENGINE=InnoDB AUTO_INCREMENT=101 DEFAULT CHARSET=utf8 COLLATE=utf8_unicode_ci;
/*!40101 SET character_set_client = @saved_cs_client */;

--
-- Dumping data for table `profiles`
--

LOCK TABLES `profiles` WRITE;
/*!40000 ALTER TABLE `profiles` DISABLE KEYS */;
INSERT INTO `profiles` VALUES (1,'h','1977-02-01',1,'2014-10-10 10:02:16','Vernabury'),(2,'q','2014-01-24',2,'1976-09-09 21:00:04','East Talon'),(3,'f','1990-06-30',3,'2003-11-15 06:32:23','North Austyn'),(4,'m','2002-09-16',4,'1988-02-08 22:54:32','Colleenfurt'),(5,'o','1985-08-28',5,'1995-03-14 11:22:04','Handmouth'),(6,'q','1989-06-26',6,'2004-05-20 03:06:40','West Yesenia'),(7,'e','2010-01-29',7,'2010-02-19 17:37:28','North Susieport'),(8,'d','1988-01-16',8,'1988-02-24 17:24:43','Rubymouth'),(9,'a','2011-06-04',9,'2012-02-13 20:31:10','North Haleighfort'),(10,'n','1985-08-26',10,'1977-07-02 11:38:48','West Katelyn'),(11,'s','1973-03-10',11,'1985-10-15 15:18:30','North Eusebio'),(12,'u','1979-05-11',12,'1978-07-26 20:37:57','West Garfield'),(13,'u','1997-04-12',13,'1978-06-01 05:00:40','Dorthachester'),(14,'n','1976-06-12',14,'2004-11-24 18:35:09','West Ahmadview'),(15,'j','1981-06-09',15,'1996-11-03 16:14:15','Port Silas'),(16,'l','2018-01-28',16,'1985-11-07 23:37:00','South Kaiabury'),(17,'g','2010-09-24',17,'2014-09-14 06:43:23','Port Lois'),(18,'n','2007-05-06',18,'1999-05-20 01:32:38','West Carmelfort'),(19,'h','1993-04-23',19,'1988-12-06 12:02:44','Flatleyton'),(20,'v','2006-07-13',20,'1992-09-29 09:21:09','Ambroseville'),(21,'z','2016-01-31',21,'1983-05-19 10:57:37','South Daisy'),(22,'x','1973-01-01',22,'1976-08-06 06:12:15','Hamillfort'),(23,'c','1990-05-06',23,'2009-09-05 16:45:14','Port Adrienneburgh'),(24,'f','1975-07-05',24,'1990-03-05 00:06:08','Boscochester'),(25,'h','2008-04-16',25,'1980-12-09 14:24:54','South Grover'),(26,'c','1981-03-27',26,'2005-12-19 08:40:30','Greenholtshire'),(27,'z','2007-01-03',27,'2002-11-02 23:42:44','South Anjalichester'),(28,'c','1970-12-29',28,'2019-07-27 04:50:54','Frederiqueburgh'),(29,'z','1980-11-24',29,'2018-11-24 12:02:04','Reynoldsberg'),(30,'o','2015-12-13',30,'1995-12-20 00:46:48','Tremaineburgh'),(31,'n','1976-06-13',31,'1991-04-17 01:09:08','Jamisonshire'),(32,'g','2015-06-30',32,'1999-07-26 01:40:11','Welchmouth'),(33,'u','1973-08-08',33,'2004-09-06 15:48:38','Kuphalfurt'),(34,'e','1987-12-01',34,'1987-08-31 22:58:57','Lake Casper'),(35,'e','2006-04-25',35,'2002-06-15 14:15:52','Tremblayshire'),(36,'c','1979-07-25',36,'2017-10-24 11:26:54','Kirlinside'),(37,'x','2013-08-14',37,'2015-06-09 11:01:27','Lubowitzshire'),(38,'b','1978-02-03',38,'1970-03-25 12:50:12','Devynland'),(39,'f','1979-06-01',39,'1975-09-25 05:08:27','Ornstad'),(40,'u','1975-10-09',40,'2012-01-17 11:13:55','Denisfort'),(41,'m','1972-11-24',41,'2009-02-17 17:03:21','North Juvenalside'),(42,'i','1984-03-18',42,'1991-01-21 23:22:17','Grahamview'),(43,'z','2000-07-24',43,'1978-01-30 15:18:49','Lake Karley'),(44,'z','1993-02-27',44,'1970-11-22 21:15:15','Pansyhaven'),(45,'n','2018-05-12',45,'1981-11-03 10:15:37','South Alysachester'),(46,'v','1971-10-18',46,'1997-01-06 21:31:18','Schimmelbury'),(47,'f','1991-12-06',47,'1990-04-15 18:41:15','Jasonside'),(48,'e','2001-11-29',48,'2009-02-17 13:54:29','Welchport'),(49,'v','2000-11-22',49,'2011-05-06 19:19:47','Port Devinton'),(50,'h','1971-09-17',50,'1996-04-11 10:43:38','Albinland'),(51,'u','2009-09-04',51,'1974-12-08 03:28:17','Vandervortburgh'),(52,'k','1982-10-13',52,'2004-03-02 06:45:51','North Jodyland'),(53,'c','1970-09-13',53,'2013-03-12 08:51:07','Ritchieshire'),(54,'m','1992-07-24',54,'2016-01-26 01:27:34','Princeborough'),(55,'c','2000-04-21',55,'1990-06-09 06:16:48','Lake Kenny'),(56,'o','1999-02-11',56,'2002-09-26 15:01:27','Gibsonbury'),(57,'i','1979-11-05',57,'2000-03-14 16:08:26','West Jeromebury'),(58,'g','1971-10-28',58,'2018-04-23 11:53:17','Doyleland'),(59,'t','1979-03-29',59,'1974-08-10 14:05:33','New Koby'),(60,'x','2007-09-26',60,'1983-04-01 12:16:51','Mossieberg'),(61,'v','1997-10-26',61,'1989-11-17 23:28:44','Kassulkefort'),(62,'u','1991-09-23',62,'2001-02-12 10:32:52','Nelliemouth'),(63,'c','1979-08-16',63,'1988-10-30 14:44:30','Port Mossiechester'),(64,'q','1995-10-01',64,'1987-10-21 00:30:38','Strackebury'),(65,'j','2000-12-10',65,'2015-02-19 16:42:20','Lake Colleen'),(66,'k','1993-11-07',66,'1998-09-24 00:25:26','West Casperville'),(67,'q','1986-09-11',67,'2010-01-17 18:04:53','Port Keshaun'),(68,'u','2006-07-06',68,'1983-08-07 01:47:13','East Jordy'),(69,'a','1995-02-23',69,'2015-03-18 05:26:03','New Kelsitown'),(70,'p','2018-12-25',70,'2008-09-18 09:38:48','East Patrick'),(71,'i','1970-05-25',71,'2018-12-17 03:56:28','Laurianestad'),(72,'g','2017-12-25',72,'1993-09-03 13:43:18','West Kadeberg'),(73,'t','2007-09-03',73,'2019-01-20 02:37:51','Port Ferneshire'),(74,'r','1997-03-01',74,'2009-08-07 20:07:41','Metzside'),(75,'e','1993-02-09',75,'1986-03-21 12:35:54','North Gretchenberg'),(76,'k','1997-07-26',76,'1970-05-18 23:44:58','New Maceybury'),(77,'h','1996-10-01',77,'2007-12-29 14:16:39','South Ismaelshire'),(78,'o','2011-06-19',78,'2018-08-09 05:46:50','Enaborough'),(79,'u','1996-07-27',79,'1970-03-04 06:23:07','McGlynnburgh'),(80,'w','1972-12-06',80,'2007-01-30 08:13:36','Jaydemouth'),(81,'v','1986-04-01',81,'2010-01-18 07:09:26','Osbaldoborough'),(82,'e','1982-02-14',82,'1998-11-23 02:40:41','Cummeratachester'),(83,'z','2002-07-12',83,'2000-06-03 14:42:40','North Nickolasview'),(84,'e','1985-03-30',84,'1982-07-09 05:40:12','New Ansel'),(85,'q','2001-02-19',85,'2019-02-21 02:05:11','Baileystad'),(86,'w','1985-09-21',86,'1971-05-11 17:16:26','Lake Breanneside'),(87,'c','1995-07-28',87,'2010-07-29 14:04:41','New Zariaview'),(88,'h','2016-12-28',88,'2014-04-19 00:03:17','East Avery'),(89,'i','1975-07-11',89,'1975-04-18 18:15:01','South Sandrine'),(90,'r','1974-07-08',90,'2018-08-05 00:25:13','South Elijah'),(91,'o','1972-04-14',91,'1978-01-29 17:18:57','South Shermanstad'),(92,'h','1976-01-09',92,'1973-01-13 09:50:46','Annamaeport'),(93,'a','1974-01-04',93,'2002-12-11 16:12:53','West Filiberto'),(94,'i','1981-03-03',94,'1983-06-11 13:42:41','Feltonville'),(95,'q','1994-08-31',95,'1982-11-21 20:27:42','Port D\'angelomouth'),(96,'f','1970-10-17',96,'1985-04-03 22:03:28','Schimmelside'),(97,'i','1983-06-03',97,'1997-08-08 08:24:47','Hassanborough'),(98,'x','2004-02-12',98,'2016-02-28 06:31:39','New Corene'),(99,'u','1986-05-18',99,'1992-09-05 07:32:43','Port Maryseburgh'),(100,'u','2019-05-07',100,'1982-02-13 13:05:18','Marquiseshire');
/*!40000 ALTER TABLE `profiles` ENABLE KEYS */;
UNLOCK TABLES;

--
-- Table structure for table `users`
--

DROP TABLE IF EXISTS `users`;
/*!40101 SET @saved_cs_client     = @@character_set_client */;
/*!40101 SET character_set_client = utf8 */;
CREATE TABLE `users` (
  `id` bigint(20) unsigned NOT NULL AUTO_INCREMENT,
  `firstname` varchar(50) COLLATE utf8_unicode_ci DEFAULT NULL,
  `lastname` varchar(50) COLLATE utf8_unicode_ci DEFAULT NULL,
  `email` varchar(120) COLLATE utf8_unicode_ci DEFAULT NULL,
  `phone` bigint(20) DEFAULT NULL,
  PRIMARY KEY (`id`),
  UNIQUE KEY `email` (`email`),
  KEY `users_phone_idx` (`phone`),
  KEY `users_firstname_lastname_idx` (`firstname`,`lastname`)
) ENGINE=InnoDB AUTO_INCREMENT=101 DEFAULT CHARSET=utf8 COLLATE=utf8_unicode_ci;
/*!40101 SET character_set_client = @saved_cs_client */;

--
-- Dumping data for table `users`
--

LOCK TABLES `users` WRITE;
/*!40000 ALTER TABLE `users` DISABLE KEYS */;
INSERT INTO `users` VALUES (1,'Blaise','Lebsack','maymie.hammes@example.com',316856),(2,'Chyna','Auer','reba88@example.net',40623),(3,'Jacynthe','Rogahn','kjohns@example.org',15),(4,'Liana','Fay','cremin.abbie@example.org',900),(5,'Aletha','Jast','ernest44@example.com',1),(6,'Pierce','Hartmann','xratke@example.net',61557),(7,'Alicia','Schaefer','elisa.bins@example.com',278),(8,'Carmelo','Gutkowski','ramona.stokes@example.org',167),(9,'Charley','Miller','vella11@example.net',1),(10,'Keven','Metz','dawson.morar@example.com',529189),(11,'Zoila','Gibson','stan.lang@example.net',811081),(12,'Calista','Mann','jakubowski.jerrell@example.com',1),(13,'Annamarie','Kautzer','simone.kuvalis@example.net',115),(14,'Bernita','Carter','odessa.beier@example.org',518451),(15,'Brooklyn','O\'Kon','dlesch@example.org',65614),(16,'Johathan','Adams','myriam.tromp@example.net',1),(17,'Candice','Murazik','sawayn.laverne@example.org',6707542574),(18,'Marjory','Powlowski','brigitte02@example.org',1),(19,'Laurianne','O\'Connell','floyd86@example.net',1),(20,'Bailey','Pouros','ratke.cristina@example.com',664),(21,'Alysha','Dickinson','jalen.bernier@example.com',569075),(22,'Lawson','Nolan','kulas.hilma@example.com',881939),(23,'Nichole','Casper','little.nikki@example.net',1),(24,'Allison','Ledner','kyler.corkery@example.net',1),(25,'Ova','Kirlin','muller.juwan@example.org',308),(26,'Reagan','Lueilwitz','fquitzon@example.org',104),(27,'Moses','Kiehn','lavada.ritchie@example.org',790287143),(28,'Mabelle','Raynor','ryleigh14@example.com',2),(29,'Jabari','Padberg','orenner@example.org',0),(30,'Golden','Satterfield','burnice53@example.net',7217936772),(31,'Kitty','Kiehn','barry.langworth@example.com',1),(32,'Felipe','Jakubowski','kailee63@example.com',8146300688),(33,'Reanna','Hoppe','rowe.robb@example.com',1),(34,'Vena','Weimann','ihaag@example.com',41),(35,'Effie','Armstrong','reynolds.kirstin@example.com',1),(36,'Ruthie','Wolf','adaline01@example.net',73),(37,'Gladys','Bechtelar','fermin.mayer@example.org',0),(38,'Lora','Jast','miller.alexa@example.net',550),(39,'Jacques','Yost','srunte@example.net',460),(40,'Emil','Goyette','stephany.kuvalis@example.org',817896),(41,'Ervin','Kilback','devante28@example.com',1),(42,'Javonte','Johnson','jarvis93@example.com',648067),(43,'Dolores','Homenick','nrowe@example.net',780),(44,'Lindsey','Gaylord','ylebsack@example.org',0),(45,'Hillard','Upton','nolan.bridget@example.net',123366),(46,'Kayleigh','Mitchell','bode.sylvester@example.org',0),(47,'Katharina','Hackett','alexys82@example.org',524),(48,'Maggie','Robel','layne33@example.com',0),(49,'Vaughn','Erdman','lmclaughlin@example.com',81),(50,'Brook','Abbott','ruecker.marcia@example.net',755),(51,'Arden','Armstrong','jarret.sipes@example.net',738),(52,'Jazmyn','Glover','lkozey@example.com',674794),(53,'Faye','Hessel','lockman.sabryna@example.com',0),(54,'Felicita','Kulas','reilly.wiegand@example.org',541900),(55,'Carli','Blanda','bartoletti.janiya@example.org',1),(56,'Milton','Legros','kohler.earlene@example.org',1849305891),(57,'Hannah','Sporer','helen.deckow@example.net',724),(58,'Brook','Bashirian','goldner.annamarie@example.net',730751),(59,'Liza','Rath','abshire.flo@example.net',1),(60,'Milo','Morissette','river.nienow@example.org',4893943812),(61,'Dewitt','Grimes','ssenger@example.org',2871349864),(62,'Delbert','Rau','anderson.irma@example.net',1),(63,'Orland','Kovacek','mcdermott.keaton@example.net',0),(64,'Libby','Stark','nhamill@example.net',889),(65,'Jakayla','McCullough','arlo.toy@example.net',0),(66,'Christiana','Corkery','eric04@example.net',1),(67,'Sonya','Hahn','ygleichner@example.org',0),(68,'Eladio','Walsh','reta17@example.net',0),(69,'Shany','Jerde','grimes.cordell@example.com',55),(70,'Alexys','Huels','gwitting@example.com',1),(71,'Vernon','Conroy','brannon.conn@example.com',1),(72,'Jaime','Crooks','lamar.sanford@example.net',0),(73,'Shanel','Gerlach','baumbach.jakayla@example.org',84434),(74,'Odie','Pouros','bennett41@example.net',33),(75,'Octavia','Pfannerstill','murray41@example.org',128),(76,'Melany','Hegmann','eabshire@example.com',1),(77,'Makenzie','Howe','jo.krajcik@example.org',1),(78,'Delaney','Collins','becker.grant@example.com',759),(79,'Carolyn','Connelly','wrowe@example.com',1),(80,'Robbie','Mohr','delores39@example.net',2528976781),(81,'Jeramy','Raynor','beer.kendra@example.com',304260),(82,'Theresia','Koepp','arutherford@example.com',364),(83,'Josiah','Hand','margarete31@example.com',1),(84,'Athena','Rodriguez','hkunze@example.net',627646),(85,'Milton','Kihn','emery.moore@example.org',405234),(86,'Lamar','Heathcote','imogene71@example.net',669),(87,'Kody','Carroll','rogahn.margarette@example.net',0),(88,'Margarete','Ratke','omitchell@example.com',1),(89,'Isac','Lemke','kferry@example.com',1),(90,'Herta','Corkery','wluettgen@example.net',0),(91,'Keith','Jones','qkreiger@example.net',1),(92,'Vivienne','Senger','lbotsford@example.org',702),(93,'Ian','Bogisich','dandre71@example.org',5902483077),(94,'Elfrieda','Altenwerth','demetris.hintz@example.net',339486278),(95,'Carolina','Kirlin','brigitte.wisoky@example.net',1),(96,'Madaline','Herman','freddy.paucek@example.org',230159),(97,'Vallie','Dickens','darby48@example.com',992),(98,'Leilani','Stracke','richie26@example.net',57),(99,'Naomie','Turcotte','ally02@example.com',852722),(100,'Casper','D\'Amore','brando65@example.com',307499);
/*!40000 ALTER TABLE `users` ENABLE KEYS */;
UNLOCK TABLES;

--
-- Table structure for table `users_communities`
--

DROP TABLE IF EXISTS `users_communities`;
/*!40101 SET @saved_cs_client     = @@character_set_client */;
/*!40101 SET character_set_client = utf8 */;
CREATE TABLE `users_communities` (
  `user_id` bigint(20) unsigned NOT NULL,
  `community_id` bigint(20) unsigned NOT NULL,
  PRIMARY KEY (`user_id`,`community_id`),
  KEY `community_id` (`community_id`),
  CONSTRAINT `users_communities_ibfk_1` FOREIGN KEY (`user_id`) REFERENCES `users` (`id`),
  CONSTRAINT `users_communities_ibfk_2` FOREIGN KEY (`community_id`) REFERENCES `communities` (`id`)
) ENGINE=InnoDB DEFAULT CHARSET=utf8 COLLATE=utf8_unicode_ci;
/*!40101 SET character_set_client = @saved_cs_client */;

--
-- Dumping data for table `users_communities`
--

LOCK TABLES `users_communities` WRITE;
/*!40000 ALTER TABLE `users_communities` DISABLE KEYS */;
INSERT INTO `users_communities` VALUES (1,1),(2,2),(3,3),(4,4),(5,5),(6,6),(7,7),(8,8),(9,9),(10,10),(11,11),(12,12),(13,13),(14,14),(15,15),(16,16),(17,17),(18,18),(19,19),(20,20),(21,21),(22,22),(23,23),(24,24),(25,25),(26,26),(27,27),(28,28),(29,29),(30,30),(31,31),(32,32),(33,33),(34,34),(35,35),(36,36),(37,37),(38,38),(39,39),(40,40),(41,41),(42,42),(43,43),(44,44),(45,45),(46,46),(47,47),(48,48),(49,49),(50,50),(51,51),(52,52),(53,53),(54,54),(55,55),(56,56),(57,57),(58,58),(59,59),(60,60),(61,61),(62,62),(63,63),(64,64),(65,65),(66,66),(67,67),(68,68),(69,69),(70,70),(71,71),(72,72),(73,73),(74,74),(75,75),(76,76),(77,77),(78,78),(79,79),(80,80),(81,81),(82,82),(83,83),(84,84),(85,85),(86,86),(87,87),(88,88),(89,89),(90,90),(91,91),(92,92),(93,93),(94,94),(95,95),(96,96),(97,97),(98,98),(99,99),(100,100);
/*!40000 ALTER TABLE `users_communities` ENABLE KEYS */;
UNLOCK TABLES;
/*!40103 SET TIME_ZONE=@OLD_TIME_ZONE */;

/*!40101 SET SQL_MODE=@OLD_SQL_MODE */;
/*!40014 SET FOREIGN_KEY_CHECKS=@OLD_FOREIGN_KEY_CHECKS */;
/*!40014 SET UNIQUE_CHECKS=@OLD_UNIQUE_CHECKS */;
/*!40101 SET CHARACTER_SET_CLIENT=@OLD_CHARACTER_SET_CLIENT */;
/*!40101 SET CHARACTER_SET_RESULTS=@OLD_CHARACTER_SET_RESULTS */;
/*!40101 SET COLLATION_CONNECTION=@OLD_COLLATION_CONNECTION */;
/*!40111 SET SQL_NOTES=@OLD_SQL_NOTES */;

-- Dump completed on 2019-10-30 19:09:17

